0 verbose cli C:\Program Files\nodejs\node.exe C:\Program Files\nodejs\node_modules\npm\bin\npm-cli.js
1 info using npm@11.16.0
2 info using node@v24.18.1
3 silly config load:file:C:\Program Files\nodejs\node_modules\npm\npmrc
4 silly config load:file:C:\Users\Abbyneko\Documents\Github\readable-2\.npmrc
5 silly config load:file:C:\Users\Abbyneko\.npmrc
6 silly config load:file:C:\Users\Abbyneko\AppData\Roaming\npm\etc\npmrc
7 verbose title npm install
8 verbose argv "install" "--cache" ".npm-cache"
9 verbose logfile logs-max:10 dir:C:\Users\Abbyneko\Documents\Github\readable-2\.npm-cache\_logs\2026-07-30T03_03_50_739Z-
10 verbose logfile C:\Users\Abbyneko\Documents\Github\readable-2\.npm-cache\_logs\2026-07-30T03_03_50_739Z-debug-0.log
11 silly logfile done cleaning log files
12 silly packumentCache heap:4496293888 maxSize:1124073472 maxEntrySize:562036736
13 silly idealTree buildDeps
14 silly fetch manifest dotenv@^16.6.1
15 silly packumentCache full:https://registry.npmjs.org/dotenv cache-miss
16 http fetch GET 200 https://registry.npmjs.org/dotenv 173ms (cache miss)
17 silly packumentCache full:https://registry.npmjs.org/dotenv set size:undefined disposed:false
18 silly fetch manifest express@^4.21.2
19 silly packumentCache full:https://registry.npmjs.org/express cache-miss
20 http fetch GET 200 https://registry.npmjs.org/npm 258ms
21 http fetch GET 200 https://registry.npmjs.org/express 76ms (cache miss)
22 silly packumentCache full:https://registry.npmjs.org/express set size:undefined disposed:false
23 silly fetch manifest react@^18.3.1
24 silly packumentCache full:https://registry.npmjs.org/react cache-miss
25 http fetch GET 200 https://registry.npmjs.org/react 212ms (cache miss)
26 silly packumentCache full:https://registry.npmjs.org/react set size:undefined disposed:false
27 silly fetch manifest react-dom@^18.3.1
28 silly packumentCache full:https://registry.npmjs.org/react-dom cache-miss
29 http fetch GET 200 https://registry.npmjs.org/react-dom 201ms (cache miss)
30 silly packumentCache full:https://registry.npmjs.org/react-dom set size:undefined disposed:false
31 silly fetch manifest @vitejs/plugin-react@^4.3.4
32 silly packumentCache full:https://registry.npmjs.org/@vitejs%2fplugin-react cache-miss
33 http fetch GET 200 https://registry.npmjs.org/@vitejs%2fplugin-react 76ms (cache miss)
34 silly packumentCache full:https://registry.npmjs.org/@vitejs%2fplugin-react set size:undefined disposed:false
35 silly fetch manifest vite@^5.4.19
36 silly packumentCache full:https://registry.npmjs.org/vite cache-miss
37 http fetch GET 200 https://registry.npmjs.org/vite 1154ms (cache miss)
38 silly packumentCache full:https://registry.npmjs.org/vite set size:undefined disposed:false
39 silly fetch manifest @types/node@^18.0.0 || >=20.0.0
40 silly packumentCache full:https://registry.npmjs.org/@types%2fnode cache-miss
41 http fetch GET 200 https://registry.npmjs.org/@types%2fnode 244ms (cache miss)
42 silly packumentCache full:https://registry.npmjs.org/@types%2fnode set size:undefined disposed:false
43 silly fetch manifest less@*
44 silly packumentCache full:https://registry.npmjs.org/less cache-miss
45 http fetch GET 200 https://registry.npmjs.org/less 67ms (cache miss)
46 silly packumentCache full:https://registry.npmjs.org/less set size:undefined disposed:false
47 silly fetch manifest lightningcss@^1.21.0
48 silly packumentCache full:https://registry.npmjs.org/lightningcss cache-miss
49 http fetch GET 200 https://registry.npmjs.org/lightningcss 51ms (cache miss)
50 silly packumentCache full:https://registry.npmjs.org/lightningcss set size:undefined disposed:false
51 silly fetch manifest sass@*
52 silly packumentCache full:https://registry.npmjs.org/sass cache-miss
53 http fetch GET 200 https://registry.npmjs.org/sass 68ms (cache miss)
54 silly packumentCache full:https://registry.npmjs.org/sass set size:undefined disposed:false
55 silly fetch manifest sass-embedded@*
56 silly packumentCache full:https://registry.npmjs.org/sass-embedded cache-miss
57 http fetch GET 200 https://registry.npmjs.org/sass-embedded 59ms (cache miss)
58 silly packumentCache full:https://registry.npmjs.org/sass-embedded set size:undefined disposed:false
59 silly fetch manifest stylus@*
60 silly packumentCache full:https://registry.npmjs.org/stylus cache-miss
61 http fetch GET 200 https://registry.npmjs.org/stylus 48ms (cache miss)
62 silly packumentCache full:https://registry.npmjs.org/stylus set size:undefined disposed:false
63 silly fetch manifest sugarss@*
64 silly packumentCache full:https://registry.npmjs.org/sugarss cache-miss
65 http fetch GET 200 https://registry.npmjs.org/sugarss 47ms (cache miss)
66 silly packumentCache full:https://registry.npmjs.org/sugarss set size:undefined disposed:false
67 silly fetch manifest postcss@^8.3.3
68 silly packumentCache full:https://registry.npmjs.org/postcss cache-miss
69 http fetch GET 200 https://registry.npmjs.org/postcss 63ms (cache miss)
70 silly packumentCache full:https://registry.npmjs.org/postcss set size:undefined disposed:false
71 silly fetch manifest terser@^5.4.0
72 silly packumentCache full:https://registry.npmjs.org/terser cache-miss
73 http fetch GET 200 https://registry.npmjs.org/terser 73ms (cache miss)
74 silly packumentCache full:https://registry.npmjs.org/terser set size:undefined disposed:false
75 silly fetch manifest concurrently@^9.1.2
76 silly packumentCache full:https://registry.npmjs.org/concurrently cache-miss
77 http fetch GET 200 https://registry.npmjs.org/concurrently 44ms (cache miss)
78 silly packumentCache full:https://registry.npmjs.org/concurrently set size:undefined disposed:false
79 silly placeDep ROOT @vitejs/plugin-react@4.7.0 OK for: readable@2.0.0 want: ^4.3.4
80 silly placeDep ROOT vite@5.4.21 OK for: @vitejs/plugin-react@4.7.0 want: ^4.2.0 || ^5.0.0 || ^6.0.0 || ^7.0.0
81 silly placeDep ROOT concurrently@9.2.4 OK for: readable@2.0.0 want: ^9.1.2
82 silly placeDep ROOT dotenv@16.6.1 OK for: readable@2.0.0 want: ^16.6.1
83 silly placeDep ROOT express@4.22.2 OK for: readable@2.0.0 want: ^4.21.2
84 silly placeDep ROOT react@18.3.1 OK for: readable@2.0.0 want: ^18.3.1
85 silly placeDep ROOT react-dom@18.3.1 OK for: readable@2.0.0 want: ^18.3.1
86 silly fetch manifest @babel/core@^7.28.0
87 silly packumentCache full:https://registry.npmjs.org/@babel%2fcore cache-miss
88 silly fetch manifest react-refresh@^0.17.0
89 silly packumentCache full:https://registry.npmjs.org/react-refresh cache-miss
90 silly fetch manifest @types/babel__core@^7.20.5
91 silly packumentCache full:https://registry.npmjs.org/@types%2fbabel__core cache-miss
92 silly fetch manifest @rolldown/pluginutils@1.0.0-beta.27
93 silly packumentCache full:https://registry.npmjs.org/@rolldown%2fpluginutils cache-miss
94 silly fetch manifest @babel/plugin-transform-react-jsx-self@^7.27.1
95 silly packumentCache full:https://registry.npmjs.org/@babel%2fplugin-transform-react-jsx-self cache-miss
96 silly fetch manifest @babel/plugin-transform-react-jsx-source@^7.27.1
97 silly packumentCache full:https://registry.npmjs.org/@babel%2fplugin-transform-react-jsx-source cache-miss
98 silly fetch manifest rollup@^4.20.0
99 silly packumentCache full:https://registry.npmjs.org/rollup cache-miss
100 silly fetch manifest esbuild@^0.21.3
101 silly packumentCache full:https://registry.npmjs.org/esbuild cache-miss
102 silly fetch manifest postcss@^8.4.43
103 silly packumentCache full:https://registry.npmjs.org/postcss cache-miss
104 silly fetch manifest fsevents@~2.3.3
105 silly packumentCache full:https://registry.npmjs.org/fsevents cache-miss
106 silly fetch manifest rxjs@7.8.2
107 silly packumentCache full:https://registry.npmjs.org/rxjs cache-miss
108 silly fetch manifest chalk@4.1.2
109 silly packumentCache full:https://registry.npmjs.org/chalk cache-miss
110 silly fetch manifest yargs@17.7.2
111 silly packumentCache full:https://registry.npmjs.org/yargs cache-miss
112 silly fetch manifest tree-kill@1.2.2
113 silly packumentCache full:https://registry.npmjs.org/tree-kill cache-miss
114 silly fetch manifest shell-quote@1.9.0
115 silly packumentCache full:https://registry.npmjs.org/shell-quote cache-miss
116 silly fetch manifest supports-color@8.1.1
117 silly packumentCache full:https://registry.npmjs.org/supports-color cache-miss
118 silly fetch manifest qs@~6.15.1
119 silly packumentCache full:https://registry.npmjs.org/qs cache-miss
120 silly fetch manifest depd@2.0.0
121 silly packumentCache full:https://registry.npmjs.org/depd cache-miss
122 silly fetch manifest etag@~1.8.1
123 silly packumentCache full:https://registry.npmjs.org/etag cache-miss
124 silly fetch manifest send@~0.19.0
125 silly packumentCache full:https://registry.npmjs.org/send cache-miss
126 silly fetch manifest vary@~1.1.2
127 silly packumentCache full:https://registry.npmjs.org/vary cache-miss
128 silly fetch manifest debug@2.6.9
129 silly packumentCache full:https://registry.npmjs.org/debug cache-miss
130 silly fetch manifest fresh@~0.5.2
131 silly packumentCache full:https://registry.npmjs.org/fresh cache-miss
132 http cache https://registry.npmjs.org/postcss 82ms (cache hit)
133 silly packumentCache full:https://registry.npmjs.org/postcss set size:756623 disposed:false
134 silly fetch manifest cookie@~0.7.1
135 silly packumentCache full:https://registry.npmjs.org/cookie cache-miss
136 http fetch GET 200 https://registry.npmjs.org/@babel%2fcore 92ms (cache miss)
137 silly packumentCache full:https://registry.npmjs.org/@babel%2fcore set size:undefined disposed:false
138 silly fetch manifest accepts@~1.3.8
139 silly packumentCache full:https://registry.npmjs.org/accepts cache-miss
140 http fetch GET 200 https://registry.npmjs.org/qs 142ms (cache miss)
141 silly packumentCache full:https://registry.npmjs.org/qs set size:undefined disposed:false
142 silly fetch manifest methods@~1.1.2
143 silly packumentCache full:https://registry.npmjs.org/methods cache-miss
144 http fetch GET 200 https://registry.npmjs.org/react-refresh 169ms (cache miss)
145 silly packumentCache full:https://registry.npmjs.org/react-refresh set size:undefined disposed:false
146 silly fetch manifest type-is@~1.6.18
147 silly packumentCache full:https://registry.npmjs.org/type-is cache-miss
148 http fetch GET 200 https://registry.npmjs.org/depd 206ms (cache miss)
149 silly packumentCache full:https://registry.npmjs.org/depd set size:undefined disposed:false
150 silly fetch manifest parseurl@~1.3.3
151 silly packumentCache full:https://registry.npmjs.org/parseurl cache-miss
152 http fetch GET 200 https://registry.npmjs.org/etag 207ms (cache miss)
153 silly packumentCache full:https://registry.npmjs.org/etag set size:undefined disposed:false
154 silly fetch manifest statuses@~2.0.1
155 silly packumentCache full:https://registry.npmjs.org/statuses cache-miss
156 http fetch GET 200 https://registry.npmjs.org/tree-kill 212ms (cache miss)
157 silly packumentCache full:https://registry.npmjs.org/tree-kill set size:undefined disposed:false
158 silly fetch manifest encodeurl@~2.0.0
159 silly packumentCache full:https://registry.npmjs.org/encodeurl cache-miss
160 http fetch GET 200 https://registry.npmjs.org/@types%2fbabel__core 224ms (cache miss)
161 silly packumentCache full:https://registry.npmjs.org/@types%2fbabel__core set size:undefined disposed:false
162 silly fetch manifest proxy-addr@~2.0.7
163 silly packumentCache full:https://registry.npmjs.org/proxy-addr cache-miss
164 http fetch GET 200 https://registry.npmjs.org/supports-color 228ms (cache miss)
165 silly packumentCache full:https://registry.npmjs.org/supports-color set size:undefined disposed:false
166 silly fetch manifest body-parser@~1.20.5
167 silly packumentCache full:https://registry.npmjs.org/body-parser cache-miss
168 http fetch GET 200 https://registry.npmjs.org/fsevents 230ms (cache miss)
169 silly packumentCache full:https://registry.npmjs.org/fsevents set size:undefined disposed:false
170 silly fetch manifest escape-html@~1.0.3
171 silly packumentCache full:https://registry.npmjs.org/escape-html cache-miss
172 http fetch GET 200 https://registry.npmjs.org/shell-quote 232ms (cache miss)
173 silly packumentCache full:https://registry.npmjs.org/shell-quote set size:undefined disposed:false
174 silly fetch manifest http-errors@~2.0.0
175 silly packumentCache full:https://registry.npmjs.org/http-errors cache-miss
176 http fetch GET 200 https://registry.npmjs.org/@babel%2fplugin-transform-react-jsx-source 235ms (cache miss)
177 silly packumentCache full:https://registry.npmjs.org/@babel%2fplugin-transform-react-jsx-source set size:undefined disposed:false
178 silly fetch manifest on-finished@~2.4.1
179 silly packumentCache full:https://registry.npmjs.org/on-finished cache-miss
180 http fetch GET 200 https://registry.npmjs.org/@babel%2fplugin-transform-react-jsx-self 238ms (cache miss)
181 silly packumentCache full:https://registry.npmjs.org/@babel%2fplugin-transform-react-jsx-self set size:undefined disposed:false
182 silly fetch manifest safe-buffer@5.2.1
183 silly packumentCache full:https://registry.npmjs.org/safe-buffer cache-miss
184 http fetch GET 200 https://registry.npmjs.org/@rolldown%2fpluginutils 246ms (cache miss)
185 silly packumentCache full:https://registry.npmjs.org/@rolldown%2fpluginutils set size:undefined disposed:false
186 silly fetch manifest utils-merge@1.0.1
187 silly packumentCache full:https://registry.npmjs.org/utils-merge cache-miss
188 http fetch GET 200 https://registry.npmjs.org/vary 249ms (cache miss)
189 silly packumentCache full:https://registry.npmjs.org/vary set size:undefined disposed:false
190 silly fetch manifest content-type@~1.0.4
191 silly packumentCache full:https://registry.npmjs.org/content-type cache-miss
192 http fetch GET 200 https://registry.npmjs.org/fresh 258ms (cache miss)
193 silly packumentCache full:https://registry.npmjs.org/fresh set size:undefined disposed:false
194 silly fetch manifest finalhandler@~1.3.1
195 silly packumentCache full:https://registry.npmjs.org/finalhandler cache-miss
196 http fetch GET 200 https://registry.npmjs.org/accepts 168ms (cache miss)
197 silly packumentCache full:https://registry.npmjs.org/accepts set size:undefined disposed:false
198 silly fetch manifest range-parser@~1.2.1
199 silly packumentCache full:https://registry.npmjs.org/range-parser cache-miss
200 http fetch GET 200 https://registry.npmjs.org/send 263ms (cache miss)
201 silly packumentCache full:https://registry.npmjs.org/send set size:undefined disposed:false
202 silly fetch manifest serve-static@~1.16.2
203 silly packumentCache full:https://registry.npmjs.org/serve-static cache-miss
204 http fetch GET 200 https://registry.npmjs.org/chalk 265ms (cache miss)
205 silly packumentCache full:https://registry.npmjs.org/chalk set size:undefined disposed:false
206 silly fetch manifest array-flatten@1.1.1
207 silly packumentCache full:https://registry.npmjs.org/array-flatten cache-miss
208 http fetch GET 200 https://registry.npmjs.org/cookie 193ms (cache miss)
209 silly packumentCache full:https://registry.npmjs.org/cookie set size:undefined disposed:false
210 silly fetch manifest path-to-regexp@~0.1.12
211 silly packumentCache full:https://registry.npmjs.org/path-to-regexp cache-miss
212 http fetch GET 200 https://registry.npmjs.org/methods 134ms (cache miss)
213 silly packumentCache full:https://registry.npmjs.org/methods set size:undefined disposed:false
214 silly fetch manifest setprototypeof@1.2.0
215 silly packumentCache full:https://registry.npmjs.org/setprototypeof cache-miss
216 http fetch GET 200 https://registry.npmjs.org/type-is 93ms (cache miss)
217 silly packumentCache full:https://registry.npmjs.org/type-is set size:undefined disposed:false
218 silly fetch manifest cookie-signature@~1.0.6
219 silly packumentCache full:https://registry.npmjs.org/cookie-signature cache-miss
220 http fetch GET 200 https://registry.npmjs.org/parseurl 80ms (cache miss)
221 silly packumentCache full:https://registry.npmjs.org/parseurl set size:undefined disposed:false
222 silly fetch manifest merge-descriptors@1.0.3
223 silly packumentCache full:https://registry.npmjs.org/merge-descriptors cache-miss
224 http fetch GET 200 https://registry.npmjs.org/statuses 80ms (cache miss)
225 silly packumentCache full:https://registry.npmjs.org/statuses set size:undefined disposed:false
226 silly fetch manifest content-disposition@~0.5.4
227 silly packumentCache full:https://registry.npmjs.org/content-disposition cache-miss
228 http fetch GET 200 https://registry.npmjs.org/encodeurl 77ms (cache miss)
229 silly packumentCache full:https://registry.npmjs.org/encodeurl set size:undefined disposed:false
230 silly fetch manifest loose-envify@^1.1.0
231 silly packumentCache full:https://registry.npmjs.org/loose-envify cache-miss
232 http fetch GET 200 https://registry.npmjs.org/debug 289ms (cache miss)
233 silly packumentCache full:https://registry.npmjs.org/debug set size:undefined disposed:false
234 silly fetch manifest scheduler@^0.23.2
235 silly packumentCache full:https://registry.npmjs.org/scheduler cache-miss
236 http fetch GET 200 https://registry.npmjs.org/escape-html 62ms (cache miss)
237 silly packumentCache full:https://registry.npmjs.org/escape-html set size:undefined disposed:false
238 silly fetch manifest loose-envify@^1.1.0
239 silly packumentCache full:https://registry.npmjs.org/loose-envify cache-miss
240 http fetch GET 200 https://registry.npmjs.org/rxjs 298ms (cache miss)
241 silly packumentCache full:https://registry.npmjs.org/rxjs set size:undefined disposed:false
242 http fetch GET 200 https://registry.npmjs.org/on-finished 67ms (cache miss)
243 silly packumentCache full:https://registry.npmjs.org/on-finished set size:undefined disposed:false
244 http fetch GET 200 https://registry.npmjs.org/http-errors 73ms (cache miss)
245 silly packumentCache full:https://registry.npmjs.org/http-errors set size:undefined disposed:false
246 http fetch GET 200 https://registry.npmjs.org/safe-buffer 71ms (cache miss)
247 silly packumentCache full:https://registry.npmjs.org/safe-buffer set size:undefined disposed:false
248 http fetch GET 200 https://registry.npmjs.org/body-parser 80ms (cache miss)
249 silly packumentCache full:https://registry.npmjs.org/body-parser set size:undefined disposed:false
250 http fetch GET 200 https://registry.npmjs.org/utils-merge 66ms (cache miss)
251 silly packumentCache full:https://registry.npmjs.org/utils-merge set size:undefined disposed:false
252 http fetch GET 200 https://registry.npmjs.org/proxy-addr 93ms (cache miss)
253 silly packumentCache full:https://registry.npmjs.org/proxy-addr set size:undefined disposed:false
254 http fetch GET 200 https://registry.npmjs.org/content-type 66ms (cache miss)
255 silly packumentCache full:https://registry.npmjs.org/content-type set size:undefined disposed:false
256 http fetch GET 200 https://registry.npmjs.org/range-parser 60ms (cache miss)
257 silly packumentCache full:https://registry.npmjs.org/range-parser set size:undefined disposed:false
258 http fetch GET 200 https://registry.npmjs.org/yargs 325ms (cache miss)
259 silly packumentCache full:https://registry.npmjs.org/yargs set size:undefined disposed:false
260 http fetch GET 200 https://registry.npmjs.org/finalhandler 69ms (cache miss)
261 silly packumentCache full:https://registry.npmjs.org/finalhandler set size:undefined disposed:false
262 http fetch GET 200 https://registry.npmjs.org/array-flatten 70ms (cache miss)
263 silly packumentCache full:https://registry.npmjs.org/array-flatten set size:undefined disposed:false
264 http fetch GET 200 https://registry.npmjs.org/setprototypeof 57ms (cache miss)
265 silly packumentCache full:https://registry.npmjs.org/setprototypeof set size:undefined disposed:false
266 http fetch GET 200 https://registry.npmjs.org/serve-static 74ms (cache miss)
267 silly packumentCache full:https://registry.npmjs.org/serve-static set size:undefined disposed:false
268 http fetch GET 200 https://registry.npmjs.org/cookie-signature 61ms (cache miss)
269 silly packumentCache full:https://registry.npmjs.org/cookie-signature set size:undefined disposed:false
270 http fetch GET 200 https://registry.npmjs.org/content-disposition 53ms (cache miss)
271 silly packumentCache full:https://registry.npmjs.org/content-disposition set size:undefined disposed:false
272 http fetch GET 200 https://registry.npmjs.org/merge-descriptors 55ms (cache miss)
273 silly packumentCache full:https://registry.npmjs.org/merge-descriptors set size:undefined disposed:false
274 http fetch GET 200 https://registry.npmjs.org/loose-envify 54ms (cache miss)
275 silly packumentCache full:https://registry.npmjs.org/loose-envify set size:undefined disposed:false
276 http fetch GET 200 https://registry.npmjs.org/loose-envify 51ms (cache miss)
277 silly packumentCache full:https://registry.npmjs.org/loose-envify set size:undefined disposed:false
278 http fetch GET 200 https://registry.npmjs.org/esbuild 348ms (cache miss)
279 silly packumentCache full:https://registry.npmjs.org/esbuild set size:undefined disposed:false
280 http fetch GET 200 https://registry.npmjs.org/path-to-regexp 74ms (cache miss)
281 silly packumentCache full:https://registry.npmjs.org/path-to-regexp set size:undefined disposed:false
282 http fetch GET 200 https://registry.npmjs.org/rollup 375ms (cache miss)
283 silly packumentCache full:https://registry.npmjs.org/rollup set size:undefined disposed:false
284 http fetch GET 200 https://registry.npmjs.org/scheduler 209ms (cache miss)
285 silly packumentCache full:https://registry.npmjs.org/scheduler set size:undefined disposed:false
286 silly placeDep ROOT @babel/core@7.29.7 OK for: @vitejs/plugin-react@4.7.0 want: ^7.28.0
287 silly placeDep ROOT @babel/plugin-transform-react-jsx-self@7.29.7 OK for: @vitejs/plugin-react@4.7.0 want: ^7.27.1
288 silly placeDep ROOT @babel/plugin-transform-react-jsx-source@7.29.7 OK for: @vitejs/plugin-react@4.7.0 want: ^7.27.1
289 silly placeDep ROOT @rolldown/pluginutils@1.0.0-beta.27 OK for: @vitejs/plugin-react@4.7.0 want: 1.0.0-beta.27
290 silly placeDep ROOT @types/babel__core@7.20.5 OK for: @vitejs/plugin-react@4.7.0 want: ^7.20.5
291 silly placeDep ROOT react-refresh@0.17.0 OK for: @vitejs/plugin-react@4.7.0 want: ^0.17.0
292 silly fetch manifest debug@^4.1.0
293 silly packumentCache full:https://registry.npmjs.org/debug cache-miss
294 silly fetch manifest json5@^2.2.3
295 silly packumentCache full:https://registry.npmjs.org/json5 cache-miss
296 silly fetch manifest semver@^6.3.1
297 silly packumentCache full:https://registry.npmjs.org/semver cache-miss
298 silly fetch manifest gensync@^1.0.0-beta.2
299 silly packumentCache full:https://registry.npmjs.org/gensync cache-miss
300 silly fetch manifest @babel/types@^7.29.7
301 silly packumentCache full:https://registry.npmjs.org/@babel%2ftypes cache-miss
302 silly fetch manifest @babel/parser@^7.29.7
303 silly packumentCache full:https://registry.npmjs.org/@babel%2fparser cache-miss
304 silly fetch manifest @babel/helpers@^7.29.7
305 silly packumentCache full:https://registry.npmjs.org/@babel%2fhelpers cache-miss
306 silly fetch manifest @babel/template@^7.29.7
307 silly packumentCache full:https://registry.npmjs.org/@babel%2ftemplate cache-miss
308 silly fetch manifest @babel/traverse@^7.29.7
309 silly packumentCache full:https://registry.npmjs.org/@babel%2ftraverse cache-miss
310 silly fetch manifest @babel/generator@^7.29.7
311 silly packumentCache full:https://registry.npmjs.org/@babel%2fgenerator cache-miss
312 silly fetch manifest @babel/code-frame@^7.29.7
313 silly packumentCache full:https://registry.npmjs.org/@babel%2fcode-frame cache-miss
314 silly fetch manifest convert-source-map@^2.0.0
315 silly packumentCache full:https://registry.npmjs.org/convert-source-map cache-miss
316 silly fetch manifest @jridgewell/remapping@^2.3.5
317 silly packumentCache full:https://registry.npmjs.org/@jridgewell%2fremapping cache-miss
318 silly fetch manifest @babel/helper-module-transforms@^7.29.7
319 silly packumentCache full:https://registry.npmjs.org/@babel%2fhelper-module-transforms cache-miss
320 silly fetch manifest @babel/helper-compilation-targets@^7.29.7
321 silly packumentCache full:https://registry.npmjs.org/@babel%2fhelper-compilation-targets cache-miss
322 silly fetch manifest @babel/helper-plugin-utils@^7.29.7
323 silly packumentCache full:https://registry.npmjs.org/@babel%2fhelper-plugin-utils cache-miss
324 silly fetch manifest @babel/helper-plugin-utils@^7.29.7
325 silly packumentCache full:https://registry.npmjs.org/@babel%2fhelper-plugin-utils cache-miss
326 silly fetch manifest @babel/types@^7.20.7
327 silly packumentCache full:https://registry.npmjs.org/@babel%2ftypes cache-miss
328 silly fetch manifest @babel/parser@^7.20.7
329 silly packumentCache full:https://registry.npmjs.org/@babel%2fparser cache-miss
330 silly fetch manifest @types/babel__template@*
331 silly packumentCache full:https://registry.npmjs.org/@types%2fbabel__template cache-miss
332 silly fetch manifest @types/babel__traverse@*
333 silly packumentCache full:https://registry.npmjs.org/@types%2fbabel__traverse cache-miss
334 silly fetch manifest @types/babel__generator@*
335 silly packumentCache full:https://registry.npmjs.org/@types%2fbabel__generator cache-miss
336 http cache https://registry.npmjs.org/debug 15ms (cache hit)
337 silly packumentCache full:https://registry.npmjs.org/debug set size:195840 disposed:false
338 http fetch GET 200 https://registry.npmjs.org/gensync 45ms (cache miss)
339 silly packumentCache full:https://registry.npmjs.org/gensync set size:undefined disposed:false
340 http fetch GET 200 https://registry.npmjs.org/json5 56ms (cache miss)
341 silly packumentCache full:https://registry.npmjs.org/json5 set size:undefined disposed:false
342 http fetch GET 200 https://registry.npmjs.org/convert-source-map 60ms (cache miss)
343 silly packumentCache full:https://registry.npmjs.org/convert-source-map set size:undefined disposed:false
344 http fetch GET 200 https://registry.npmjs.org/semver 73ms (cache miss)
345 silly packumentCache full:https://registry.npmjs.org/semver set size:undefined disposed:false
346 http fetch GET 200 https://registry.npmjs.org/@jridgewell%2fremapping 76ms (cache miss)
347 silly packumentCache full:https://registry.npmjs.org/@jridgewell%2fremapping set size:undefined disposed:false
348 http fetch GET 200 https://registry.npmjs.org/@babel%2ftemplate 82ms (cache miss)
349 silly packumentCache full:https://registry.npmjs.org/@babel%2ftemplate set size:undefined disposed:false
350 http fetch GET 200 https://registry.npmjs.org/@babel%2fcode-frame 86ms (cache miss)
351 silly packumentCache full:https://registry.npmjs.org/@babel%2fcode-frame set size:undefined disposed:false
352 http fetch GET 200 https://registry.npmjs.org/@babel%2fhelper-plugin-utils 88ms (cache miss)
353 silly packumentCache full:https://registry.npmjs.org/@babel%2fhelper-plugin-utils set size:undefined disposed:false
354 http fetch GET 200 https://registry.npmjs.org/@babel%2fgenerator 103ms (cache miss)
355 silly packumentCache full:https://registry.npmjs.org/@babel%2fgenerator set size:undefined disposed:false
356 http fetch GET 200 https://registry.npmjs.org/@babel%2fhelper-module-transforms 105ms (cache miss)
357 silly packumentCache full:https://registry.npmjs.org/@babel%2fhelper-module-transforms set size:undefined disposed:false
358 http fetch GET 200 https://registry.npmjs.org/@babel%2fhelper-plugin-utils 106ms (cache miss)
359 silly packumentCache full:https://registry.npmjs.org/@babel%2fhelper-plugin-utils set size:undefined disposed:false
360 http fetch GET 200 https://registry.npmjs.org/@babel%2ftraverse 112ms (cache miss)
361 silly packumentCache full:https://registry.npmjs.org/@babel%2ftraverse set size:undefined disposed:false
362 http fetch GET 200 https://registry.npmjs.org/@types%2fbabel__template 112ms (cache miss)
363 silly packumentCache full:https://registry.npmjs.org/@types%2fbabel__template set size:undefined disposed:false
364 http fetch GET 200 https://registry.npmjs.org/@types%2fbabel__generator 113ms (cache miss)
365 silly packumentCache full:https://registry.npmjs.org/@types%2fbabel__generator set size:undefined disposed:false
366 http fetch GET 200 https://registry.npmjs.org/@babel%2fhelpers 118ms (cache miss)
367 silly packumentCache full:https://registry.npmjs.org/@babel%2fhelpers set size:undefined disposed:false
368 http fetch GET 200 https://registry.npmjs.org/@types%2fbabel__traverse 117ms (cache miss)
369 silly packumentCache full:https://registry.npmjs.org/@types%2fbabel__traverse set size:undefined disposed:false
370 http fetch GET 200 https://registry.npmjs.org/@babel%2ftypes 123ms (cache miss)
371 silly packumentCache full:https://registry.npmjs.org/@babel%2ftypes set size:undefined disposed:false
372 http fetch GET 200 https://registry.npmjs.org/@babel%2ftypes 124ms (cache miss)
373 silly packumentCache full:https://registry.npmjs.org/@babel%2ftypes set size:undefined disposed:false
374 http fetch GET 200 https://registry.npmjs.org/@babel%2fhelper-compilation-targets 148ms (cache miss)
375 silly packumentCache full:https://registry.npmjs.org/@babel%2fhelper-compilation-targets set size:undefined disposed:false
376 http fetch GET 200 https://registry.npmjs.org/@babel%2fparser 152ms (cache miss)
377 silly packumentCache full:https://registry.npmjs.org/@babel%2fparser set size:undefined disposed:false
378 http fetch GET 200 https://registry.npmjs.org/@babel%2fparser 167ms (cache miss)
379 silly packumentCache full:https://registry.npmjs.org/@babel%2fparser set size:undefined disposed:false
380 silly fetch manifest @babel/core@^7.0.0
381 silly packumentCache full:https://registry.npmjs.org/@babel%2fcore cache-miss
382 http cache https://registry.npmjs.org/@babel%2fcore 4ms (cache hit)
383 silly packumentCache full:https://registry.npmjs.org/@babel%2fcore set size:788273 disposed:false
384 silly placeDep ROOT @babel/code-frame@7.29.7 OK for: @babel/core@7.29.7 want: ^7.29.7
385 silly placeDep ROOT @babel/generator@7.29.7 OK for: @babel/core@7.29.7 want: ^7.29.7
386 silly placeDep ROOT @babel/helper-compilation-targets@7.29.7 OK for: @babel/core@7.29.7 want: ^7.29.7
387 silly placeDep ROOT @babel/helper-module-transforms@7.29.7 OK for: @babel/core@7.29.7 want: ^7.29.7
388 silly placeDep ROOT @babel/helpers@7.29.7 OK for: @babel/core@7.29.7 want: ^7.29.7
389 silly placeDep ROOT @babel/parser@7.29.7 OK for: @babel/core@7.29.7 want: ^7.29.7
390 silly placeDep ROOT @babel/template@7.29.7 OK for: @babel/core@7.29.7 want: ^7.29.7
391 silly placeDep ROOT @babel/traverse@7.29.7 OK for: @babel/core@7.29.7 want: ^7.29.7
392 silly placeDep ROOT @babel/types@7.29.7 OK for: @babel/core@7.29.7 want: ^7.29.7
393 silly placeDep ROOT @jridgewell/remapping@2.3.5 OK for: @babel/core@7.29.7 want: ^2.3.5
394 silly placeDep ROOT convert-source-map@2.0.0 OK for: @babel/core@7.29.7 want: ^2.0.0
395 silly placeDep ROOT debug@4.4.3 OK for: @babel/core@7.29.7 want: ^4.1.0
396 silly placeDep ROOT gensync@1.0.0-beta.2 OK for: @babel/core@7.29.7 want: ^1.0.0-beta.2
397 silly placeDep ROOT json5@2.2.3 OK for: @babel/core@7.29.7 want: ^2.2.3
398 silly placeDep ROOT semver@6.3.1 OK for: @babel/core@7.29.7 want: ^6.3.1
399 silly fetch manifest js-tokens@^4.0.0
400 silly packumentCache full:https://registry.npmjs.org/js-tokens cache-miss
401 silly fetch manifest picocolors@^1.1.1
402 silly packumentCache full:https://registry.npmjs.org/picocolors cache-miss
403 silly fetch manifest @babel/helper-validator-identifier@^7.29.7
404 silly packumentCache full:https://registry.npmjs.org/@babel%2fhelper-validator-identifier cache-miss
405 silly fetch manifest jsesc@^3.0.2
406 silly packumentCache full:https://registry.npmjs.org/jsesc cache-miss
407 silly fetch manifest @jridgewell/gen-mapping@^0.3.12
408 silly packumentCache full:https://registry.npmjs.org/@jridgewell%2fgen-mapping cache-miss
409 silly fetch manifest @jridgewell/trace-mapping@^0.3.28
410 silly packumentCache full:https://registry.npmjs.org/@jridgewell%2ftrace-mapping cache-miss
411 silly fetch manifest lru-cache@^5.1.1
412 silly packumentCache full:https://registry.npmjs.org/lru-cache cache-miss
413 silly fetch manifest browserslist@^4.24.0
414 silly packumentCache full:https://registry.npmjs.org/browserslist cache-miss
415 silly fetch manifest @babel/compat-data@^7.29.7
416 silly packumentCache full:https://registry.npmjs.org/@babel%2fcompat-data cache-miss
417 silly fetch manifest @babel/helper-validator-option@^7.29.7
418 silly packumentCache full:https://registry.npmjs.org/@babel%2fhelper-validator-option cache-miss
419 silly fetch manifest @babel/helper-module-imports@^7.29.7
420 silly packumentCache full:https://registry.npmjs.org/@babel%2fhelper-module-imports cache-miss
421 silly fetch manifest @babel/helper-validator-identifier@^7.29.7
422 silly packumentCache full:https://registry.npmjs.org/@babel%2fhelper-validator-identifier cache-miss
423 silly fetch manifest debug@^4.3.1
424 silly packumentCache full:https://registry.npmjs.org/debug cache-hit
425 silly fetch manifest @babel/helper-globals@^7.29.7
426 silly packumentCache full:https://registry.npmjs.org/@babel%2fhelper-globals cache-miss
427 silly fetch manifest @babel/helper-string-parser@^7.29.7
428 silly packumentCache full:https://registry.npmjs.org/@babel%2fhelper-string-parser cache-miss
429 silly fetch manifest @babel/helper-validator-identifier@^7.29.7
430 silly packumentCache full:https://registry.npmjs.org/@babel%2fhelper-validator-identifier cache-miss
431 silly fetch manifest @jridgewell/gen-mapping@^0.3.5
432 silly packumentCache full:https://registry.npmjs.org/@jridgewell%2fgen-mapping cache-miss
433 silly fetch manifest @jridgewell/trace-mapping@^0.3.24
434 silly packumentCache full:https://registry.npmjs.org/@jridgewell%2ftrace-mapping cache-miss
435 silly fetch manifest ms@^2.1.3
436 silly packumentCache full:https://registry.npmjs.org/ms cache-miss
437 http fetch GET 200 https://registry.npmjs.org/picocolors 41ms (cache miss)
438 silly packumentCache full:https://registry.npmjs.org/picocolors set size:undefined disposed:false
439 http fetch GET 200 https://registry.npmjs.org/js-tokens 44ms (cache miss)
440 silly packumentCache full:https://registry.npmjs.org/js-tokens set size:undefined disposed:false
441 http fetch GET 200 https://registry.npmjs.org/jsesc 59ms (cache miss)
442 silly packumentCache full:https://registry.npmjs.org/jsesc set size:undefined disposed:false
443 http fetch GET 200 https://registry.npmjs.org/@babel%2fhelper-validator-identifier 60ms (cache miss)
444 silly packumentCache full:https://registry.npmjs.org/@babel%2fhelper-validator-identifier set size:undefined disposed:false
445 http fetch GET 200 https://registry.npmjs.org/@jridgewell%2fgen-mapping 61ms (cache miss)
446 silly packumentCache full:https://registry.npmjs.org/@jridgewell%2fgen-mapping set size:undefined disposed:false
447 http fetch GET 200 https://registry.npmjs.org/@babel%2fhelper-validator-option 61ms (cache miss)
448 silly packumentCache full:https://registry.npmjs.org/@babel%2fhelper-validator-option set size:undefined disposed:false
449 http fetch GET 200 https://registry.npmjs.org/@babel%2fhelper-validator-identifier 64ms (cache miss)
450 silly packumentCache full:https://registry.npmjs.org/@babel%2fhelper-validator-identifier set size:undefined disposed:false
451 http fetch GET 200 https://registry.npmjs.org/@babel%2fhelper-validator-identifier 64ms (cache miss)
452 silly packumentCache full:https://registry.npmjs.org/@babel%2fhelper-validator-identifier set size:undefined disposed:false
453 http fetch GET 200 https://registry.npmjs.org/@babel%2fhelper-globals 67ms (cache miss)
454 silly packumentCache full:https://registry.npmjs.org/@babel%2fhelper-globals set size:undefined disposed:false
455 http fetch GET 200 https://registry.npmjs.org/lru-cache 69ms (cache miss)
456 silly packumentCache full:https://registry.npmjs.org/lru-cache set size:undefined disposed:false
457 http fetch GET 200 https://registry.npmjs.org/@jridgewell%2ftrace-mapping 73ms (cache miss)
458 silly packumentCache full:https://registry.npmjs.org/@jridgewell%2ftrace-mapping set size:undefined disposed:false
459 http fetch GET 200 https://registry.npmjs.org/@babel%2fhelper-module-imports 73ms (cache miss)
460 silly packumentCache full:https://registry.npmjs.org/@babel%2fhelper-module-imports set size:undefined disposed:false
461 http fetch GET 200 https://registry.npmjs.org/browserslist 77ms (cache miss)
462 silly packumentCache full:https://registry.npmjs.org/browserslist set size:undefined disposed:false
463 http fetch GET 200 https://registry.npmjs.org/@babel%2fhelper-string-parser 77ms (cache miss)
464 silly packumentCache full:https://registry.npmjs.org/@babel%2fhelper-string-parser set size:undefined disposed:false
465 http fetch GET 200 https://registry.npmjs.org/@babel%2fcompat-data 81ms (cache miss)
466 silly packumentCache full:https://registry.npmjs.org/@babel%2fcompat-data set size:undefined disposed:false
467 http fetch GET 200 https://registry.npmjs.org/@jridgewell%2fgen-mapping 82ms (cache miss)
468 silly packumentCache full:https://registry.npmjs.org/@jridgewell%2fgen-mapping set size:undefined disposed:false
469 http fetch GET 200 https://registry.npmjs.org/@jridgewell%2ftrace-mapping 86ms (cache miss)
470 silly packumentCache full:https://registry.npmjs.org/@jridgewell%2ftrace-mapping set size:undefined disposed:false
471 http fetch GET 200 https://registry.npmjs.org/ms 93ms (cache miss)
472 silly packumentCache full:https://registry.npmjs.org/ms set size:undefined disposed:false
473 silly placeDep ROOT @babel/helper-validator-identifier@7.29.7 OK for: @babel/code-frame@7.29.7 want: ^7.29.7
474 silly placeDep ROOT js-tokens@4.0.0 OK for: @babel/code-frame@7.29.7 want: ^4.0.0
475 silly placeDep ROOT picocolors@1.1.1 OK for: @babel/code-frame@7.29.7 want: ^1.1.1
476 silly placeDep ROOT @jridgewell/gen-mapping@0.3.13 OK for: @babel/generator@7.29.7 want: ^0.3.12
477 silly placeDep ROOT @jridgewell/trace-mapping@0.3.31 OK for: @babel/generator@7.29.7 want: ^0.3.28
478 silly placeDep ROOT jsesc@3.1.0 OK for: @babel/generator@7.29.7 want: ^3.0.2
479 silly fetch manifest @jridgewell/sourcemap-codec@^1.5.0
480 silly packumentCache full:https://registry.npmjs.org/@jridgewell%2fsourcemap-codec cache-miss
481 silly fetch manifest @jridgewell/resolve-uri@^3.1.0
482 silly packumentCache full:https://registry.npmjs.org/@jridgewell%2fresolve-uri cache-miss
483 silly fetch manifest @jridgewell/sourcemap-codec@^1.4.14
484 silly packumentCache full:https://registry.npmjs.org/@jridgewell%2fsourcemap-codec cache-miss
485 http fetch GET 200 https://registry.npmjs.org/@jridgewell%2fresolve-uri 44ms (cache miss)
486 silly packumentCache full:https://registry.npmjs.org/@jridgewell%2fresolve-uri set size:undefined disposed:false
487 http fetch GET 200 https://registry.npmjs.org/@jridgewell%2fsourcemap-codec 57ms (cache miss)
488 silly packumentCache full:https://registry.npmjs.org/@jridgewell%2fsourcemap-codec set size:undefined disposed:false
489 http fetch GET 200 https://registry.npmjs.org/@jridgewell%2fsourcemap-codec 61ms (cache miss)
490 silly packumentCache full:https://registry.npmjs.org/@jridgewell%2fsourcemap-codec set size:undefined disposed:false
491 silly placeDep ROOT @babel/compat-data@7.29.7 OK for: @babel/helper-compilation-targets@7.29.7 want: ^7.29.7
492 silly placeDep ROOT @babel/helper-validator-option@7.29.7 OK for: @babel/helper-compilation-targets@7.29.7 want: ^7.29.7
493 silly placeDep ROOT browserslist@4.28.7 OK for: @babel/helper-compilation-targets@7.29.7 want: ^4.24.0
494 silly placeDep ROOT lru-cache@5.1.1 OK for: @babel/helper-compilation-targets@7.29.7 want: ^5.1.1
495 silly fetch manifest caniuse-lite@^1.0.30001806
496 silly packumentCache full:https://registry.npmjs.org/caniuse-lite cache-miss
497 silly fetch manifest node-releases@^2.0.51
498 silly packumentCache full:https://registry.npmjs.org/node-releases cache-miss
499 silly fetch manifest electron-to-chromium@^1.5.393
500 silly packumentCache full:https://registry.npmjs.org/electron-to-chromium cache-miss
501 silly fetch manifest update-browserslist-db@^1.2.3
502 silly packumentCache full:https://registry.npmjs.org/update-browserslist-db cache-miss
503 silly fetch manifest baseline-browser-mapping@^2.10.44
504 silly packumentCache full:https://registry.npmjs.org/baseline-browser-mapping cache-miss
505 silly fetch manifest yallist@^3.0.2
506 silly packumentCache full:https://registry.npmjs.org/yallist cache-miss
507 http fetch GET 200 https://registry.npmjs.org/yallist 43ms (cache miss)
508 silly packumentCache full:https://registry.npmjs.org/yallist set size:undefined disposed:false
509 http fetch GET 200 https://registry.npmjs.org/node-releases 48ms (cache miss)
510 silly packumentCache full:https://registry.npmjs.org/node-releases set size:undefined disposed:false
511 http fetch GET 200 https://registry.npmjs.org/baseline-browser-mapping 55ms (cache miss)
512 silly packumentCache full:https://registry.npmjs.org/baseline-browser-mapping set size:undefined disposed:false
513 http fetch GET 200 https://registry.npmjs.org/update-browserslist-db 125ms (cache miss)
514 silly packumentCache full:https://registry.npmjs.org/update-browserslist-db set size:undefined disposed:false
515 http fetch GET 200 https://registry.npmjs.org/caniuse-lite 137ms (cache miss)
516 silly packumentCache full:https://registry.npmjs.org/caniuse-lite set size:undefined disposed:false
517 http fetch GET 200 https://registry.npmjs.org/electron-to-chromium 199ms (cache miss)
518 silly packumentCache full:https://registry.npmjs.org/electron-to-chromium set size:undefined disposed:false
519 silly placeDep ROOT @babel/helper-module-imports@7.29.7 OK for: @babel/helper-module-transforms@7.29.7 want: ^7.29.7
520 silly placeDep ROOT @babel/helper-plugin-utils@7.29.7 OK for: @babel/plugin-transform-react-jsx-self@7.29.7 want: ^7.29.7
521 silly placeDep ROOT @babel/helper-globals@7.29.7 OK for: @babel/traverse@7.29.7 want: ^7.29.7
522 silly placeDep ROOT @babel/helper-string-parser@7.29.7 OK for: @babel/types@7.29.7 want: ^7.29.7
523 silly placeDep ROOT @jridgewell/sourcemap-codec@1.5.5 OK for: @jridgewell/gen-mapping@0.3.13 want: ^1.5.0
524 silly placeDep ROOT @jridgewell/resolve-uri@3.1.2 OK for: @jridgewell/trace-mapping@0.3.31 want: ^3.1.0
525 silly placeDep ROOT @types/babel__generator@7.27.0 OK for: @types/babel__core@7.20.5 want: *
526 silly placeDep ROOT @types/babel__template@7.4.4 OK for: @types/babel__core@7.20.5 want: *
527 silly placeDep ROOT @types/babel__traverse@7.28.0 OK for: @types/babel__core@7.20.5 want: *
528 silly fetch manifest browserslist@>= 4.21.0
529 silly packumentCache full:https://registry.npmjs.org/browserslist cache-miss
530 http cache https://registry.npmjs.org/browserslist 17ms (cache hit)
531 silly packumentCache full:https://registry.npmjs.org/browserslist set size:516369 disposed:false
532 silly placeDep ROOT baseline-browser-mapping@2.11.7 OK for: browserslist@4.28.7 want: ^2.10.44
533 silly placeDep ROOT caniuse-lite@1.0.30001806 OK for: browserslist@4.28.7 want: ^1.0.30001806
534 silly placeDep ROOT electron-to-chromium@1.5.398 OK for: browserslist@4.28.7 want: ^1.5.393
535 silly placeDep ROOT node-releases@2.0.51 OK for: browserslist@4.28.7 want: ^2.0.51
536 silly placeDep ROOT update-browserslist-db@1.2.3 OK for: browserslist@4.28.7 want: ^1.2.3
537 silly fetch manifest escalade@^3.2.0
538 silly packumentCache full:https://registry.npmjs.org/escalade cache-miss
539 http fetch GET 200 https://registry.npmjs.org/escalade 137ms (cache miss)
540 silly packumentCache full:https://registry.npmjs.org/escalade set size:undefined disposed:false
541 silly placeDep ROOT chalk@4.1.2 OK for: concurrently@9.2.4 want: 4.1.2
542 silly placeDep ROOT rxjs@7.8.2 OK for: concurrently@9.2.4 want: 7.8.2
543 silly placeDep ROOT shell-quote@1.9.0 OK for: concurrently@9.2.4 want: 1.9.0
544 silly placeDep ROOT supports-color@8.1.1 OK for: concurrently@9.2.4 want: 8.1.1
545 silly placeDep ROOT tree-kill@1.2.2 OK for: concurrently@9.2.4 want: 1.2.2
546 silly placeDep ROOT yargs@17.7.2 OK for: concurrently@9.2.4 want: 17.7.2
547 silly fetch manifest ansi-styles@^4.1.0
548 silly packumentCache full:https://registry.npmjs.org/ansi-styles cache-miss
549 silly fetch manifest supports-color@^7.1.0
550 silly packumentCache full:https://registry.npmjs.org/supports-color cache-miss
551 silly fetch manifest tslib@^2.1.0
552 silly packumentCache full:https://registry.npmjs.org/tslib cache-miss
553 silly fetch manifest has-flag@^4.0.0
554 silly packumentCache full:https://registry.npmjs.org/has-flag cache-miss
555 silly fetch manifest y18n@^5.0.5
556 silly packumentCache full:https://registry.npmjs.org/y18n cache-miss
557 silly fetch manifest cliui@^8.0.1
558 silly packumentCache full:https://registry.npmjs.org/cliui cache-miss
559 silly fetch manifest escalade@^3.1.1
560 silly packumentCache full:https://registry.npmjs.org/escalade cache-miss
561 silly fetch manifest string-width@^4.2.3
562 silly packumentCache full:https://registry.npmjs.org/string-width cache-miss
563 silly fetch manifest yargs-parser@^21.1.1
564 silly packumentCache full:https://registry.npmjs.org/yargs-parser cache-miss
565 silly fetch manifest get-caller-file@^2.0.5
566 silly packumentCache full:https://registry.npmjs.org/get-caller-file cache-miss
567 silly fetch manifest require-directory@^2.1.1
568 silly packumentCache full:https://registry.npmjs.org/require-directory cache-miss
569 http cache https://registry.npmjs.org/supports-color 7ms (cache hit)
570 silly packumentCache full:https://registry.npmjs.org/supports-color set size:124169 disposed:false
571 http cache https://registry.npmjs.org/escalade 9ms (cache hit)
572 silly packumentCache full:https://registry.npmjs.org/escalade set size:33724 disposed:false
573 http fetch GET 200 https://registry.npmjs.org/string-width 39ms (cache miss)
574 silly packumentCache full:https://registry.npmjs.org/string-width set size:undefined disposed:false
575 http fetch GET 200 https://registry.npmjs.org/has-flag 43ms (cache miss)
576 silly packumentCache full:https://registry.npmjs.org/has-flag set size:undefined disposed:false
577 http fetch GET 200 https://registry.npmjs.org/ansi-styles 44ms (cache miss)
578 silly packumentCache full:https://registry.npmjs.org/ansi-styles set size:undefined disposed:false
579 http fetch GET 200 https://registry.npmjs.org/get-caller-file 48ms (cache miss)
580 silly packumentCache full:https://registry.npmjs.org/get-caller-file set size:undefined disposed:false
581 http fetch GET 200 https://registry.npmjs.org/y18n 50ms (cache miss)
582 silly packumentCache full:https://registry.npmjs.org/y18n set size:undefined disposed:false
583 http fetch GET 200 https://registry.npmjs.org/require-directory 49ms (cache miss)
584 silly packumentCache full:https://registry.npmjs.org/require-directory set size:undefined disposed:false
585 http fetch GET 200 https://registry.npmjs.org/cliui 50ms (cache miss)
586 silly packumentCache full:https://registry.npmjs.org/cliui set size:undefined disposed:false
587 http fetch GET 200 https://registry.npmjs.org/tslib 54ms (cache miss)
588 silly packumentCache full:https://registry.npmjs.org/tslib set size:undefined disposed:false
589 http fetch GET 200 https://registry.npmjs.org/yargs-parser 54ms (cache miss)
590 silly packumentCache full:https://registry.npmjs.org/yargs-parser set size:undefined disposed:false
591 silly placeDep ROOT ansi-styles@4.3.0 OK for: chalk@4.1.2 want: ^4.1.0
592 silly placeDep node_modules/chalk supports-color@7.2.0 OK for: chalk@4.1.2 want: ^7.1.0
593 silly fetch manifest color-convert@^2.0.1
594 silly packumentCache full:https://registry.npmjs.org/color-convert cache-miss
595 http fetch GET 200 https://registry.npmjs.org/color-convert 43ms (cache miss)
596 silly packumentCache full:https://registry.npmjs.org/color-convert set size:undefined disposed:false
597 silly placeDep ROOT color-convert@2.0.1 OK for: ansi-styles@4.3.0 want: ^2.0.1
598 silly fetch manifest color-name@~1.1.4
599 silly packumentCache full:https://registry.npmjs.org/color-name cache-miss
600 http fetch GET 200 https://registry.npmjs.org/color-name 39ms (cache miss)
601 silly packumentCache full:https://registry.npmjs.org/color-name set size:undefined disposed:false
602 silly placeDep ROOT color-name@1.1.4 OK for: color-convert@2.0.1 want: ~1.1.4
603 silly placeDep ROOT ms@2.1.3 OK for: debug@4.4.3 want: ^2.1.3
604 silly placeDep ROOT accepts@1.3.8 OK for: express@4.22.2 want: ~1.3.8
605 silly placeDep ROOT array-flatten@1.1.1 OK for: express@4.22.2 want: 1.1.1
606 silly placeDep ROOT body-parser@1.20.6 OK for: express@4.22.2 want: ~1.20.5
607 silly placeDep ROOT content-disposition@0.5.4 OK for: express@4.22.2 want: ~0.5.4
608 silly placeDep ROOT content-type@1.0.5 OK for: express@4.22.2 want: ~1.0.4
609 silly placeDep ROOT cookie@0.7.2 OK for: express@4.22.2 want: ~0.7.1
610 silly placeDep ROOT cookie-signature@1.0.7 OK for: express@4.22.2 want: ~1.0.6
611 silly placeDep node_modules/express debug@2.6.9 OK for: express@4.22.2 want: 2.6.9
612 silly placeDep ROOT depd@2.0.0 OK for: express@4.22.2 want: 2.0.0
613 silly placeDep ROOT encodeurl@2.0.0 OK for: express@4.22.2 want: ~2.0.0
614 silly placeDep ROOT escape-html@1.0.3 OK for: express@4.22.2 want: ~1.0.3
615 silly placeDep ROOT etag@1.8.1 OK for: express@4.22.2 want: ~1.8.1
616 silly placeDep ROOT finalhandler@1.3.2 OK for: express@4.22.2 want: ~1.3.1
617 silly placeDep ROOT fresh@0.5.2 OK for: express@4.22.2 want: ~0.5.2
618 silly placeDep ROOT http-errors@2.0.1 OK for: express@4.22.2 want: ~2.0.0
619 silly placeDep ROOT merge-descriptors@1.0.3 OK for: express@4.22.2 want: 1.0.3
620 silly placeDep ROOT methods@1.1.2 OK for: express@4.22.2 want: ~1.1.2
621 silly placeDep ROOT on-finished@2.4.1 OK for: express@4.22.2 want: ~2.4.1
622 silly placeDep ROOT parseurl@1.3.3 OK for: express@4.22.2 want: ~1.3.3
623 silly placeDep ROOT path-to-regexp@0.1.13 OK for: express@4.22.2 want: ~0.1.12
624 silly placeDep ROOT proxy-addr@2.0.7 OK for: express@4.22.2 want: ~2.0.7
625 silly placeDep ROOT qs@6.15.3 OK for: express@4.22.2 want: ~6.15.1
626 silly placeDep ROOT range-parser@1.2.1 OK for: express@4.22.2 want: ~1.2.1
627 silly placeDep ROOT safe-buffer@5.2.1 OK for: express@4.22.2 want: 5.2.1
628 silly placeDep ROOT send@0.19.2 OK for: express@4.22.2 want: ~0.19.0
629 silly placeDep ROOT serve-static@1.16.3 OK for: express@4.22.2 want: ~1.16.2
630 silly placeDep ROOT setprototypeof@1.2.0 OK for: express@4.22.2 want: 1.2.0
631 silly placeDep ROOT statuses@2.0.2 OK for: express@4.22.2 want: ~2.0.1
632 silly placeDep ROOT type-is@1.6.18 OK for: express@4.22.2 want: ~1.6.18
633 silly placeDep ROOT utils-merge@1.0.1 OK for: express@4.22.2 want: 1.0.1
634 silly placeDep ROOT vary@1.1.2 OK for: express@4.22.2 want: ~1.1.2
635 silly fetch manifest mime-types@~2.1.34
636 silly packumentCache full:https://registry.npmjs.org/mime-types cache-miss
637 silly fetch manifest negotiator@0.6.3
638 silly packumentCache full:https://registry.npmjs.org/negotiator cache-miss
639 silly fetch manifest bytes@~3.1.2
640 silly packumentCache full:https://registry.npmjs.org/bytes cache-miss
641 silly fetch manifest unpipe@~1.0.0
642 silly packumentCache full:https://registry.npmjs.org/unpipe cache-miss
643 silly fetch manifest destroy@~1.2.0
644 silly packumentCache full:https://registry.npmjs.org/destroy cache-miss
645 silly fetch manifest raw-body@~2.5.3
646 silly packumentCache full:https://registry.npmjs.org/raw-body cache-miss
647 silly fetch manifest iconv-lite@~0.4.24
648 silly packumentCache full:https://registry.npmjs.org/iconv-lite cache-miss
649 silly fetch manifest http-errors@~2.0.1
650 silly packumentCache full:https://registry.npmjs.org/http-errors cache-miss
651 silly fetch manifest content-type@~1.0.5
652 silly packumentCache full:https://registry.npmjs.org/content-type cache-miss
653 silly fetch manifest ms@2.0.0
654 silly packumentCache full:https://registry.npmjs.org/ms cache-miss
655 silly fetch manifest unpipe@~1.0.0
656 silly packumentCache full:https://registry.npmjs.org/unpipe cache-miss
657 silly fetch manifest statuses@~2.0.2
658 silly packumentCache full:https://registry.npmjs.org/statuses cache-miss
659 silly fetch manifest inherits@~2.0.4
660 silly packumentCache full:https://registry.npmjs.org/inherits cache-miss
661 silly fetch manifest setprototypeof@~1.2.0
662 silly packumentCache full:https://registry.npmjs.org/setprototypeof cache-miss
663 silly fetch manifest statuses@~2.0.2
664 silly packumentCache full:https://registry.npmjs.org/statuses cache-miss
665 silly fetch manifest toidentifier@~1.0.1
666 silly packumentCache full:https://registry.npmjs.org/toidentifier cache-miss
667 silly fetch manifest ee-first@1.1.1
668 silly packumentCache full:https://registry.npmjs.org/ee-first cache-miss
669 silly fetch manifest forwarded@0.2.0
670 silly packumentCache full:https://registry.npmjs.org/forwarded cache-miss
671 silly fetch manifest ipaddr.js@1.9.1
672 silly packumentCache full:https://registry.npmjs.org/ipaddr.js cache-miss
673 silly fetch manifest side-channel@^1.1.1
674 silly packumentCache full:https://registry.npmjs.org/side-channel cache-miss
675 silly fetch manifest es-define-property@^1.0.1
676 silly packumentCache full:https://registry.npmjs.org/es-define-property cache-miss
677 silly fetch manifest mime@1.6.0
678 silly packumentCache full:https://registry.npmjs.org/mime cache-miss
679 silly fetch manifest destroy@1.2.0
680 silly packumentCache full:https://registry.npmjs.org/destroy cache-miss
681 http cache https://registry.npmjs.org/content-type 12ms (cache hit)
682 silly packumentCache full:https://registry.npmjs.org/content-type set size:18994 disposed:false
683 silly fetch manifest statuses@~2.0.2
684 silly packumentCache full:https://registry.npmjs.org/statuses cache-miss
685 http cache https://registry.npmjs.org/http-errors 13ms (cache hit)
686 silly packumentCache full:https://registry.npmjs.org/http-errors set size:71987 disposed:false
687 silly fetch manifest mime-types@~2.1.24
688 silly packumentCache full:https://registry.npmjs.org/mime-types cache-miss
689 http cache https://registry.npmjs.org/statuses 14ms (cache hit)
690 silly packumentCache full:https://registry.npmjs.org/statuses set size:37117 disposed:false
691 silly fetch manifest media-typer@0.3.0
692 silly packumentCache full:https://registry.npmjs.org/media-typer cache-miss
693 http cache https://registry.npmjs.org/setprototypeof 14ms (cache hit)
694 silly packumentCache full:https://registry.npmjs.org/setprototypeof set size:14532 disposed:false
695 http cache https://registry.npmjs.org/statuses 15ms (cache hit)
696 silly packumentCache full:https://registry.npmjs.org/statuses set size:37117 disposed:false
697 silly packumentCache full:https://registry.npmjs.org/statuses dispose
698 http cache https://registry.npmjs.org/ms 17ms (cache hit)
699 silly packumentCache full:https://registry.npmjs.org/ms set size:92208 disposed:false
700 http cache https://registry.npmjs.org/statuses 6ms (cache hit)
701 silly packumentCache full:https://registry.npmjs.org/statuses set size:37117 disposed:true
702 silly packumentCache full:https://registry.npmjs.org/statuses dispose
703 http fetch GET 200 https://registry.npmjs.org/bytes 43ms (cache miss)
704 silly packumentCache full:https://registry.npmjs.org/bytes set size:undefined disposed:false
705 http fetch GET 200 https://registry.npmjs.org/destroy 44ms (cache miss)
706 silly packumentCache full:https://registry.npmjs.org/destroy set size:undefined disposed:false
707 http fetch GET 200 https://registry.npmjs.org/unpipe 45ms (cache miss)
708 silly packumentCache full:https://registry.npmjs.org/unpipe set size:undefined disposed:false
709 http fetch GET 200 https://registry.npmjs.org/negotiator 48ms (cache miss)
710 silly packumentCache full:https://registry.npmjs.org/negotiator set size:undefined disposed:false
711 http fetch GET 200 https://registry.npmjs.org/unpipe 64ms (cache miss)
712 silly packumentCache full:https://registry.npmjs.org/unpipe set size:undefined disposed:false
713 http fetch GET 200 https://registry.npmjs.org/mime-types 67ms (cache miss)
714 silly packumentCache full:https://registry.npmjs.org/mime-types set size:undefined disposed:false
715 http fetch GET 200 https://registry.npmjs.org/side-channel 65ms (cache miss)
716 silly packumentCache full:https://registry.npmjs.org/side-channel set size:undefined disposed:false
717 http fetch GET 200 https://registry.npmjs.org/es-define-property 65ms (cache miss)
718 silly packumentCache full:https://registry.npmjs.org/es-define-property set size:undefined disposed:false
719 http fetch GET 200 https://registry.npmjs.org/raw-body 70ms (cache miss)
720 silly packumentCache full:https://registry.npmjs.org/raw-body set size:undefined disposed:false
721 http fetch GET 200 https://registry.npmjs.org/toidentifier 69ms (cache miss)
722 silly packumentCache full:https://registry.npmjs.org/toidentifier set size:undefined disposed:false
723 http fetch GET 200 https://registry.npmjs.org/iconv-lite 71ms (cache miss)
724 silly packumentCache full:https://registry.npmjs.org/iconv-lite set size:undefined disposed:false
725 http fetch GET 200 https://registry.npmjs.org/forwarded 75ms (cache miss)
726 silly packumentCache full:https://registry.npmjs.org/forwarded set size:undefined disposed:false
727 http fetch GET 200 https://registry.npmjs.org/ee-first 76ms (cache miss)
728 silly packumentCache full:https://registry.npmjs.org/ee-first set size:undefined disposed:false
729 http fetch GET 200 https://registry.npmjs.org/ipaddr.js 75ms (cache miss)
730 silly packumentCache full:https://registry.npmjs.org/ipaddr.js set size:undefined disposed:false
731 http fetch GET 200 https://registry.npmjs.org/destroy 77ms (cache miss)
732 silly packumentCache full:https://registry.npmjs.org/destroy set size:undefined disposed:false
733 http fetch GET 200 https://registry.npmjs.org/mime 80ms (cache miss)
734 silly packumentCache full:https://registry.npmjs.org/mime set size:undefined disposed:false
735 http fetch GET 200 https://registry.npmjs.org/media-typer 69ms (cache miss)
736 silly packumentCache full:https://registry.npmjs.org/media-typer set size:undefined disposed:false
737 http fetch GET 200 https://registry.npmjs.org/mime-types 71ms (cache miss)
738 silly packumentCache full:https://registry.npmjs.org/mime-types set size:undefined disposed:false
739 http fetch GET 200 https://registry.npmjs.org/inherits 118ms (cache miss)
740 silly packumentCache full:https://registry.npmjs.org/inherits set size:undefined disposed:false
741 silly placeDep ROOT mime-types@2.1.35 OK for: accepts@1.3.8 want: ~2.1.34
742 silly placeDep ROOT negotiator@0.6.3 OK for: accepts@1.3.8 want: 0.6.3
743 silly fetch manifest mime-db@1.52.0
744 silly packumentCache full:https://registry.npmjs.org/mime-db cache-miss
745 http fetch GET 200 https://registry.npmjs.org/mime-db 43ms (cache miss)
746 silly packumentCache full:https://registry.npmjs.org/mime-db set size:undefined disposed:false
747 silly placeDep ROOT bytes@3.1.2 OK for: body-parser@1.20.6 want: ~3.1.2
748 silly placeDep node_modules/body-parser debug@2.6.9 OK for: body-parser@1.20.6 want: 2.6.9
749 silly placeDep ROOT destroy@1.2.0 OK for: body-parser@1.20.6 want: ~1.2.0
750 silly placeDep ROOT iconv-lite@0.4.24 OK for: body-parser@1.20.6 want: ~0.4.24
751 silly placeDep ROOT raw-body@2.5.3 OK for: body-parser@1.20.6 want: ~2.5.3
752 silly placeDep ROOT unpipe@1.0.0 OK for: body-parser@1.20.6 want: ~1.0.0
753 silly fetch manifest safer-buffer@>= 2.1.2 < 3
754 silly packumentCache full:https://registry.npmjs.org/safer-buffer cache-miss
755 http fetch GET 200 https://registry.npmjs.org/safer-buffer 42ms (cache miss)
756 silly packumentCache full:https://registry.npmjs.org/safer-buffer set size:undefined disposed:false
757 silly placeDep node_modules/finalhandler debug@2.6.9 OK for: finalhandler@1.3.2 want: 2.6.9
758 silly placeDep ROOT inherits@2.0.4 OK for: http-errors@2.0.1 want: ~2.0.4
759 silly placeDep ROOT toidentifier@1.0.1 OK for: http-errors@2.0.1 want: ~1.0.1
760 silly placeDep ROOT safer-buffer@2.1.2 OK for: iconv-lite@0.4.24 want: >= 2.1.2 < 3
761 silly placeDep ROOT yallist@3.1.1 OK for: lru-cache@5.1.1 want: ^3.0.2
762 silly placeDep ROOT mime-db@1.52.0 OK for: mime-types@2.1.35 want: 1.52.0
763 silly placeDep ROOT ee-first@1.1.1 OK for: on-finished@2.4.1 want: 1.1.1
764 silly placeDep ROOT forwarded@0.2.0 OK for: proxy-addr@2.0.7 want: 0.2.0
765 silly placeDep ROOT ipaddr.js@1.9.1 OK for: proxy-addr@2.0.7 want: 1.9.1
766 silly placeDep ROOT es-define-property@1.0.1 OK for: qs@6.15.3 want: ^1.0.1
767 silly placeDep ROOT side-channel@1.1.1 OK for: qs@6.15.3 want: ^1.1.1
768 silly fetch manifest es-errors@^1.3.0
769 silly packumentCache full:https://registry.npmjs.org/es-errors cache-miss
770 silly fetch manifest object-inspect@^1.13.4
771 silly packumentCache full:https://registry.npmjs.org/object-inspect cache-miss
772 silly fetch manifest side-channel-list@^1.0.1
773 silly packumentCache full:https://registry.npmjs.org/side-channel-list cache-miss
774 silly fetch manifest side-channel-map@^1.0.1
775 silly packumentCache full:https://registry.npmjs.org/side-channel-map cache-miss
776 silly fetch manifest side-channel-weakmap@^1.0.2
777 silly packumentCache full:https://registry.npmjs.org/side-channel-weakmap cache-miss
778 http fetch GET 200 https://registry.npmjs.org/side-channel-map 42ms (cache miss)
779 silly packumentCache full:https://registry.npmjs.org/side-channel-map set size:undefined disposed:false
780 http fetch GET 200 https://registry.npmjs.org/es-errors 44ms (cache miss)
781 silly packumentCache full:https://registry.npmjs.org/es-errors set size:undefined disposed:false
782 http fetch GET 200 https://registry.npmjs.org/side-channel-weakmap 44ms (cache miss)
783 silly packumentCache full:https://registry.npmjs.org/side-channel-weakmap set size:undefined disposed:false
784 http fetch GET 200 https://registry.npmjs.org/side-channel-list 44ms (cache miss)
785 silly packumentCache full:https://registry.npmjs.org/side-channel-list set size:undefined disposed:false
786 http fetch GET 200 https://registry.npmjs.org/object-inspect 53ms (cache miss)
787 silly packumentCache full:https://registry.npmjs.org/object-inspect set size:undefined disposed:false
788 silly placeDep ROOT loose-envify@1.4.0 OK for: react@18.3.1 want: ^1.1.0
789 silly placeDep ROOT scheduler@0.23.2 OK for: react-dom@18.3.1 want: ^0.23.2
790 silly placeDep ROOT tslib@2.8.1 OK for: rxjs@7.8.2 want: ^2.1.0
791 silly placeDep node_modules/send debug@2.6.9 OK for: send@0.19.2 want: 2.6.9
792 silly placeDep ROOT mime@1.6.0 OK for: send@0.19.2 want: 1.6.0
793 silly placeDep ROOT es-errors@1.3.0 OK for: side-channel@1.1.1 want: ^1.3.0
794 silly placeDep ROOT object-inspect@1.13.4 OK for: side-channel@1.1.1 want: ^1.13.4
795 silly placeDep ROOT side-channel-list@1.0.1 OK for: side-channel@1.1.1 want: ^1.0.1
796 silly placeDep ROOT side-channel-map@1.0.1 OK for: side-channel@1.1.1 want: ^1.0.1
797 silly placeDep ROOT side-channel-weakmap@1.0.2 OK for: side-channel@1.1.1 want: ^1.0.2
798 silly fetch manifest call-bound@^1.0.2
799 silly packumentCache full:https://registry.npmjs.org/call-bound cache-miss
800 silly fetch manifest get-intrinsic@^1.2.5
801 silly packumentCache full:https://registry.npmjs.org/get-intrinsic cache-miss
802 silly fetch manifest call-bound@^1.0.2
803 silly packumentCache full:https://registry.npmjs.org/call-bound cache-miss
804 silly fetch manifest get-intrinsic@^1.2.5
805 silly packumentCache full:https://registry.npmjs.org/get-intrinsic cache-miss
806 http fetch GET 200 https://registry.npmjs.org/get-intrinsic 39ms (cache miss)
807 silly packumentCache full:https://registry.npmjs.org/get-intrinsic set size:undefined disposed:false
808 http fetch GET 200 https://registry.npmjs.org/call-bound 44ms (cache miss)
809 silly packumentCache full:https://registry.npmjs.org/call-bound set size:undefined disposed:false
810 http fetch GET 200 https://registry.npmjs.org/get-intrinsic 47ms (cache miss)
811 silly packumentCache full:https://registry.npmjs.org/get-intrinsic set size:undefined disposed:false
812 http fetch GET 200 https://registry.npmjs.org/call-bound 49ms (cache miss)
813 silly packumentCache full:https://registry.npmjs.org/call-bound set size:undefined disposed:false
814 silly placeDep ROOT call-bound@1.0.4 OK for: side-channel-map@1.0.1 want: ^1.0.2
815 silly placeDep ROOT get-intrinsic@1.3.0 OK for: side-channel-map@1.0.1 want: ^1.2.5
816 silly fetch manifest call-bind-apply-helpers@^1.0.2
817 silly packumentCache full:https://registry.npmjs.org/call-bind-apply-helpers cache-miss
818 silly fetch manifest get-intrinsic@^1.3.0
819 silly packumentCache full:https://registry.npmjs.org/get-intrinsic cache-miss
820 silly fetch manifest gopd@^1.2.0
821 silly packumentCache full:https://registry.npmjs.org/gopd cache-miss
822 silly fetch manifest hasown@^2.0.2
823 silly packumentCache full:https://registry.npmjs.org/hasown cache-miss
824 silly fetch manifest get-proto@^1.0.1
825 silly packumentCache full:https://registry.npmjs.org/get-proto cache-miss
826 silly fetch manifest has-symbols@^1.1.0
827 silly packumentCache full:https://registry.npmjs.org/has-symbols cache-miss
828 silly fetch manifest function-bind@^1.1.2
829 silly packumentCache full:https://registry.npmjs.org/function-bind cache-miss
830 silly fetch manifest es-object-atoms@^1.1.1
831 silly packumentCache full:https://registry.npmjs.org/es-object-atoms cache-miss
832 silly fetch manifest math-intrinsics@^1.1.0
833 silly packumentCache full:https://registry.npmjs.org/math-intrinsics cache-miss
834 silly fetch manifest call-bind-apply-helpers@^1.0.2
835 silly packumentCache full:https://registry.npmjs.org/call-bind-apply-helpers cache-miss
836 http cache https://registry.npmjs.org/get-intrinsic 11ms (cache hit)
837 silly packumentCache full:https://registry.npmjs.org/get-intrinsic set size:60985 disposed:false
838 http fetch GET 200 https://registry.npmjs.org/es-object-atoms 43ms (cache miss)
839 silly packumentCache full:https://registry.npmjs.org/es-object-atoms set size:undefined disposed:false
840 http fetch GET 200 https://registry.npmjs.org/get-proto 43ms (cache miss)
841 silly packumentCache full:https://registry.npmjs.org/get-proto set size:undefined disposed:false
842 http fetch GET 200 https://registry.npmjs.org/call-bind-apply-helpers 45ms (cache miss)
843 silly packumentCache full:https://registry.npmjs.org/call-bind-apply-helpers set size:undefined disposed:false
844 http fetch GET 200 https://registry.npmjs.org/math-intrinsics 44ms (cache miss)
845 silly packumentCache full:https://registry.npmjs.org/math-intrinsics set size:undefined disposed:false
846 http fetch GET 200 https://registry.npmjs.org/gopd 46ms (cache miss)
847 silly packumentCache full:https://registry.npmjs.org/gopd set size:undefined disposed:false
848 http fetch GET 200 https://registry.npmjs.org/call-bind-apply-helpers 46ms (cache miss)
849 silly packumentCache full:https://registry.npmjs.org/call-bind-apply-helpers set size:undefined disposed:false
850 http fetch GET 200 https://registry.npmjs.org/function-bind 47ms (cache miss)
851 silly packumentCache full:https://registry.npmjs.org/function-bind set size:undefined disposed:false
852 http fetch GET 200 https://registry.npmjs.org/has-symbols 48ms (cache miss)
853 silly packumentCache full:https://registry.npmjs.org/has-symbols set size:undefined disposed:false
854 http fetch GET 200 https://registry.npmjs.org/hasown 49ms (cache miss)
855 silly packumentCache full:https://registry.npmjs.org/hasown set size:undefined disposed:false
856 silly placeDep ROOT call-bind-apply-helpers@1.0.2 OK for: call-bound@1.0.4 want: ^1.0.2
857 silly placeDep ROOT function-bind@1.1.2 OK for: call-bind-apply-helpers@1.0.2 want: ^1.1.2
858 silly placeDep ROOT es-object-atoms@1.1.2 OK for: get-intrinsic@1.3.0 want: ^1.1.1
859 silly placeDep ROOT get-proto@1.0.1 OK for: get-intrinsic@1.3.0 want: ^1.0.1
860 silly placeDep ROOT gopd@1.2.0 OK for: get-intrinsic@1.3.0 want: ^1.2.0
861 silly placeDep ROOT has-symbols@1.1.0 OK for: get-intrinsic@1.3.0 want: ^1.1.0
862 silly placeDep ROOT hasown@2.0.4 OK for: get-intrinsic@1.3.0 want: ^2.0.2
863 silly placeDep ROOT math-intrinsics@1.1.0 OK for: get-intrinsic@1.3.0 want: ^1.1.0
864 silly fetch manifest dunder-proto@^1.0.1
865 silly packumentCache full:https://registry.npmjs.org/dunder-proto cache-miss
866 http fetch GET 200 https://registry.npmjs.org/dunder-proto 38ms (cache miss)
867 silly packumentCache full:https://registry.npmjs.org/dunder-proto set size:undefined disposed:false
868 silly placeDep ROOT dunder-proto@1.0.1 OK for: get-proto@1.0.1 want: ^1.0.1
869 silly placeDep ROOT has-flag@4.0.0 OK for: supports-color@8.1.1 want: ^4.0.0
870 silly placeDep ROOT media-typer@0.3.0 OK for: type-is@1.6.18 want: 0.3.0
871 silly placeDep ROOT escalade@3.2.0 OK for: update-browserslist-db@1.2.3 want: ^3.2.0
872 silly placeDep ROOT esbuild@0.21.5 OK for: vite@5.4.21 want: ^0.21.3
873 silly placeDep ROOT fsevents@2.3.3 OK for: vite@5.4.21 want: ~2.3.3
874 silly placeDep ROOT postcss@8.5.25 OK for: vite@5.4.21 want: ^8.4.43
875 silly placeDep ROOT rollup@4.62.3 OK for: vite@5.4.21 want: ^4.20.0
876 silly fetch manifest @esbuild/aix-ppc64@0.21.5
877 silly packumentCache full:https://registry.npmjs.org/@esbuild%2faix-ppc64 cache-miss
878 silly fetch manifest @esbuild/linux-arm@0.21.5
879 silly packumentCache full:https://registry.npmjs.org/@esbuild%2flinux-arm cache-miss
880 silly fetch manifest @esbuild/linux-x64@0.21.5
881 silly packumentCache full:https://registry.npmjs.org/@esbuild%2flinux-x64 cache-miss
882 silly fetch manifest @esbuild/sunos-x64@0.21.5
883 silly packumentCache full:https://registry.npmjs.org/@esbuild%2fsunos-x64 cache-miss
884 silly fetch manifest @esbuild/win32-x64@0.21.5
885 silly packumentCache full:https://registry.npmjs.org/@esbuild%2fwin32-x64 cache-miss
886 silly fetch manifest @esbuild/darwin-x64@0.21.5
887 silly packumentCache full:https://registry.npmjs.org/@esbuild%2fdarwin-x64 cache-miss
888 silly fetch manifest @esbuild/linux-ia32@0.21.5
889 silly packumentCache full:https://registry.npmjs.org/@esbuild%2flinux-ia32 cache-miss
890 silly fetch manifest @esbuild/netbsd-x64@0.21.5
891 silly packumentCache full:https://registry.npmjs.org/@esbuild%2fnetbsd-x64 cache-miss
892 silly fetch manifest @esbuild/win32-ia32@0.21.5
893 silly packumentCache full:https://registry.npmjs.org/@esbuild%2fwin32-ia32 cache-miss
894 silly fetch manifest @esbuild/android-arm@0.21.5
895 silly packumentCache full:https://registry.npmjs.org/@esbuild%2fandroid-arm cache-miss
896 silly fetch manifest @esbuild/android-x64@0.21.5
897 silly packumentCache full:https://registry.npmjs.org/@esbuild%2fandroid-x64 cache-miss
898 silly fetch manifest @esbuild/freebsd-x64@0.21.5
899 silly packumentCache full:https://registry.npmjs.org/@esbuild%2ffreebsd-x64 cache-miss
900 silly fetch manifest @esbuild/linux-arm64@0.21.5
901 silly packumentCache full:https://registry.npmjs.org/@esbuild%2flinux-arm64 cache-miss
902 silly fetch manifest @esbuild/linux-ppc64@0.21.5
903 silly packumentCache full:https://registry.npmjs.org/@esbuild%2flinux-ppc64 cache-miss
904 silly fetch manifest @esbuild/linux-s390x@0.21.5
905 silly packumentCache full:https://registry.npmjs.org/@esbuild%2flinux-s390x cache-miss
906 silly fetch manifest @esbuild/openbsd-x64@0.21.5
907 silly packumentCache full:https://registry.npmjs.org/@esbuild%2fopenbsd-x64 cache-miss
908 silly fetch manifest @esbuild/win32-arm64@0.21.5
909 silly packumentCache full:https://registry.npmjs.org/@esbuild%2fwin32-arm64 cache-miss
910 silly fetch manifest @esbuild/darwin-arm64@0.21.5
911 silly packumentCache full:https://registry.npmjs.org/@esbuild%2fdarwin-arm64 cache-miss
912 silly fetch manifest @esbuild/android-arm64@0.21.5
913 silly packumentCache full:https://registry.npmjs.org/@esbuild%2fandroid-arm64 cache-miss
914 silly fetch manifest @esbuild/freebsd-arm64@0.21.5
915 silly packumentCache full:https://registry.npmjs.org/@esbuild%2ffreebsd-arm64 cache-miss
916 silly fetch manifest @esbuild/linux-loong64@0.21.5
917 silly packumentCache full:https://registry.npmjs.org/@esbuild%2flinux-loong64 cache-miss
918 silly fetch manifest @esbuild/linux-riscv64@0.21.5
919 silly packumentCache full:https://registry.npmjs.org/@esbuild%2flinux-riscv64 cache-miss
920 silly fetch manifest @esbuild/linux-mips64el@0.21.5
921 silly packumentCache full:https://registry.npmjs.org/@esbuild%2flinux-mips64el cache-miss
922 http fetch GET 200 https://registry.npmjs.org/@esbuild%2flinux-ia32 63ms (cache miss)
923 silly packumentCache full:https://registry.npmjs.org/@esbuild%2flinux-ia32 set size:undefined disposed:false
924 silly fetch manifest nanoid@^3.3.16
925 silly packumentCache full:https://registry.npmjs.org/nanoid cache-miss
926 http fetch GET 200 https://registry.npmjs.org/@esbuild%2fnetbsd-x64 65ms (cache miss)
927 silly packumentCache full:https://registry.npmjs.org/@esbuild%2fnetbsd-x64 set size:undefined disposed:false
928 silly fetch manifest source-map-js@^1.2.1
929 silly packumentCache full:https://registry.npmjs.org/source-map-js cache-miss
930 http fetch GET 200 https://registry.npmjs.org/@esbuild%2faix-ppc64 69ms (cache miss)
931 silly packumentCache full:https://registry.npmjs.org/@esbuild%2faix-ppc64 set size:undefined disposed:false
932 silly fetch manifest @types/estree@1.0.9
933 silly packumentCache full:https://registry.npmjs.org/@types%2festree cache-miss
934 http fetch GET 200 https://registry.npmjs.org/@esbuild%2flinux-arm 69ms (cache miss)
935 silly packumentCache full:https://registry.npmjs.org/@esbuild%2flinux-arm set size:undefined disposed:false
936 silly fetch manifest @rollup/rollup-darwin-x64@4.62.3
937 silly packumentCache full:https://registry.npmjs.org/@rollup%2frollup-darwin-x64 cache-miss
938 http fetch GET 200 https://registry.npmjs.org/@esbuild%2fdarwin-x64 70ms (cache miss)
939 silly packumentCache full:https://registry.npmjs.org/@esbuild%2fdarwin-x64 set size:undefined disposed:false
940 silly fetch manifest @rollup/rollup-freebsd-x64@4.62.3
941 silly packumentCache full:https://registry.npmjs.org/@rollup%2frollup-freebsd-x64 cache-miss
942 http fetch GET 200 https://registry.npmjs.org/@esbuild%2fwin32-ia32 76ms (cache miss)
943 silly packumentCache full:https://registry.npmjs.org/@esbuild%2fwin32-ia32 set size:undefined disposed:false
944 silly fetch manifest @rollup/rollup-openbsd-x64@4.62.3
945 silly packumentCache full:https://registry.npmjs.org/@rollup%2frollup-openbsd-x64 cache-miss
946 http fetch GET 200 https://registry.npmjs.org/@esbuild%2fandroid-x64 78ms (cache miss)
947 silly packumentCache full:https://registry.npmjs.org/@esbuild%2fandroid-x64 set size:undefined disposed:false
948 silly fetch manifest @rollup/rollup-darwin-arm64@4.62.3
949 silly packumentCache full:https://registry.npmjs.org/@rollup%2frollup-darwin-arm64 cache-miss
950 http fetch GET 200 https://registry.npmjs.org/@esbuild%2flinux-arm64 87ms (cache miss)
951 silly packumentCache full:https://registry.npmjs.org/@esbuild%2flinux-arm64 set size:undefined disposed:false
952 silly fetch manifest @rollup/rollup-android-arm64@4.62.3
953 silly packumentCache full:https://registry.npmjs.org/@rollup%2frollup-android-arm64 cache-miss
954 http fetch GET 200 https://registry.npmjs.org/@esbuild%2fandroid-arm 88ms (cache miss)
955 silly packumentCache full:https://registry.npmjs.org/@esbuild%2fandroid-arm set size:undefined disposed:false
956 silly fetch manifest @rollup/rollup-freebsd-arm64@4.62.3
957 silly packumentCache full:https://registry.npmjs.org/@rollup%2frollup-freebsd-arm64 cache-miss
958 http fetch GET 200 https://registry.npmjs.org/@esbuild%2fwin32-x64 91ms (cache miss)
959 silly packumentCache full:https://registry.npmjs.org/@esbuild%2fwin32-x64 set size:undefined disposed:false
960 silly fetch manifest @rollup/rollup-linux-x64-gnu@4.62.3
961 silly packumentCache full:https://registry.npmjs.org/@rollup%2frollup-linux-x64-gnu cache-miss
962 http fetch GET 200 https://registry.npmjs.org/@esbuild%2flinux-x64 92ms (cache miss)
963 silly packumentCache full:https://registry.npmjs.org/@esbuild%2flinux-x64 set size:undefined disposed:false
964 silly fetch manifest @rollup/rollup-win32-x64-gnu@4.62.3
965 silly packumentCache full:https://registry.npmjs.org/@rollup%2frollup-win32-x64-gnu cache-miss
966 http fetch GET 200 https://registry.npmjs.org/@esbuild%2fsunos-x64 93ms (cache miss)
967 silly packumentCache full:https://registry.npmjs.org/@esbuild%2fsunos-x64 set size:undefined disposed:false
968 silly fetch manifest @rollup/rollup-linux-x64-musl@4.62.3
969 silly packumentCache full:https://registry.npmjs.org/@rollup%2frollup-linux-x64-musl cache-miss
970 http fetch GET 200 https://registry.npmjs.org/@esbuild%2flinux-s390x 94ms (cache miss)
971 silly packumentCache full:https://registry.npmjs.org/@esbuild%2flinux-s390x set size:undefined disposed:false
972 silly fetch manifest @rollup/rollup-win32-x64-msvc@4.62.3
973 silly packumentCache full:https://registry.npmjs.org/@rollup%2frollup-win32-x64-msvc cache-miss
974 http fetch GET 200 https://registry.npmjs.org/@esbuild%2ffreebsd-x64 96ms (cache miss)
975 silly packumentCache full:https://registry.npmjs.org/@esbuild%2ffreebsd-x64 set size:undefined disposed:false
976 silly fetch manifest @rollup/rollup-linux-arm64-gnu@4.62.3
977 silly packumentCache full:https://registry.npmjs.org/@rollup%2frollup-linux-arm64-gnu cache-miss
978 http fetch GET 200 https://registry.npmjs.org/@esbuild%2flinux-ppc64 97ms (cache miss)
979 silly packumentCache full:https://registry.npmjs.org/@esbuild%2flinux-ppc64 set size:undefined disposed:false
980 silly fetch manifest @rollup/rollup-linux-ppc64-gnu@4.62.3
981 silly packumentCache full:https://registry.npmjs.org/@rollup%2frollup-linux-ppc64-gnu cache-miss
982 http fetch GET 200 https://registry.npmjs.org/@esbuild%2fdarwin-arm64 121ms (cache miss)
983 silly packumentCache full:https://registry.npmjs.org/@esbuild%2fdarwin-arm64 set size:undefined disposed:false
984 silly fetch manifest @rollup/rollup-linux-s390x-gnu@4.62.3
985 silly packumentCache full:https://registry.npmjs.org/@rollup%2frollup-linux-s390x-gnu cache-miss
986 http fetch GET 200 https://registry.npmjs.org/@esbuild%2ffreebsd-arm64 131ms (cache miss)
987 silly packumentCache full:https://registry.npmjs.org/@esbuild%2ffreebsd-arm64 set size:undefined disposed:false
988 silly fetch manifest @rollup/rollup-win32-ia32-msvc@4.62.3
989 silly packumentCache full:https://registry.npmjs.org/@rollup%2frollup-win32-ia32-msvc cache-miss
990 http fetch GET 200 https://registry.npmjs.org/@esbuild%2fandroid-arm64 132ms (cache miss)
991 silly packumentCache full:https://registry.npmjs.org/@esbuild%2fandroid-arm64 set size:undefined disposed:false
992 silly fetch manifest @rollup/rollup-android-arm-eabi@4.62.3
993 silly packumentCache full:https://registry.npmjs.org/@rollup%2frollup-android-arm-eabi cache-miss
994 http fetch GET 200 https://registry.npmjs.org/@esbuild%2fopenbsd-x64 136ms (cache miss)
995 silly packumentCache full:https://registry.npmjs.org/@esbuild%2fopenbsd-x64 set size:undefined disposed:false
996 silly fetch manifest @rollup/rollup-linux-arm64-musl@4.62.3
997 silly packumentCache full:https://registry.npmjs.org/@rollup%2frollup-linux-arm64-musl cache-miss
998 http fetch GET 200 https://registry.npmjs.org/@esbuild%2flinux-riscv64 136ms (cache miss)
999 silly packumentCache full:https://registry.npmjs.org/@esbuild%2flinux-riscv64 set size:undefined disposed:false
1000 silly fetch manifest @rollup/rollup-linux-ppc64-musl@4.62.3
1001 silly packumentCache full:https://registry.npmjs.org/@rollup%2frollup-linux-ppc64-musl cache-miss
1002 http fetch GET 200 https://registry.npmjs.org/@esbuild%2fwin32-arm64 137ms (cache miss)
1003 silly packumentCache full:https://registry.npmjs.org/@esbuild%2fwin32-arm64 set size:undefined disposed:false
1004 silly fetch manifest @rollup/rollup-win32-arm64-msvc@4.62.3
1005 silly packumentCache full:https://registry.npmjs.org/@rollup%2frollup-win32-arm64-msvc cache-miss
1006 http fetch GET 200 https://registry.npmjs.org/@esbuild%2flinux-loong64 142ms (cache miss)
1007 silly packumentCache full:https://registry.npmjs.org/@esbuild%2flinux-loong64 set size:undefined disposed:false
1008 silly fetch manifest @rollup/rollup-linux-loong64-gnu@4.62.3
1009 silly packumentCache full:https://registry.npmjs.org/@rollup%2frollup-linux-loong64-gnu cache-miss
1010 http fetch GET 200 https://registry.npmjs.org/source-map-js 84ms (cache miss)
1011 silly packumentCache full:https://registry.npmjs.org/source-map-js set size:undefined disposed:false
1012 silly fetch manifest @rollup/rollup-linux-riscv64-gnu@4.62.3
1013 silly packumentCache full:https://registry.npmjs.org/@rollup%2frollup-linux-riscv64-gnu cache-miss
1014 http fetch GET 200 https://registry.npmjs.org/@rollup%2frollup-openbsd-x64 75ms (cache miss)
1015 silly packumentCache full:https://registry.npmjs.org/@rollup%2frollup-openbsd-x64 set size:undefined disposed:false
1016 silly fetch manifest @rollup/rollup-openharmony-arm64@4.62.3
1017 silly packumentCache full:https://registry.npmjs.org/@rollup%2frollup-openharmony-arm64 cache-miss
1018 http fetch GET 200 https://registry.npmjs.org/@types%2festree 86ms (cache miss)
1019 silly packumentCache full:https://registry.npmjs.org/@types%2festree set size:undefined disposed:false
1020 silly fetch manifest @rollup/rollup-linux-loong64-musl@4.62.3
1021 silly packumentCache full:https://registry.npmjs.org/@rollup%2frollup-linux-loong64-musl cache-miss
1022 http fetch GET 200 https://registry.npmjs.org/@esbuild%2flinux-mips64el 153ms (cache miss)
1023 silly packumentCache full:https://registry.npmjs.org/@esbuild%2flinux-mips64el set size:undefined disposed:false
1024 silly fetch manifest @rollup/rollup-linux-riscv64-musl@4.62.3
1025 silly packumentCache full:https://registry.npmjs.org/@rollup%2frollup-linux-riscv64-musl cache-miss
1026 http fetch GET 200 https://registry.npmjs.org/nanoid 92ms (cache miss)
1027 silly packumentCache full:https://registry.npmjs.org/nanoid set size:undefined disposed:false
1028 silly fetch manifest @rollup/rollup-linux-arm-gnueabihf@4.62.3
1029 silly packumentCache full:https://registry.npmjs.org/@rollup%2frollup-linux-arm-gnueabihf cache-miss
1030 http fetch GET 200 https://registry.npmjs.org/@rollup%2frollup-darwin-arm64 82ms (cache miss)
1031 silly packumentCache full:https://registry.npmjs.org/@rollup%2frollup-darwin-arm64 set size:undefined disposed:false
1032 silly fetch manifest @rollup/rollup-linux-arm-musleabihf@4.62.3
1033 silly packumentCache full:https://registry.npmjs.org/@rollup%2frollup-linux-arm-musleabihf cache-miss
1034 http fetch GET 200 https://registry.npmjs.org/@rollup%2frollup-freebsd-x64 93ms (cache miss)
1035 silly packumentCache full:https://registry.npmjs.org/@rollup%2frollup-freebsd-x64 set size:undefined disposed:false
1036 http fetch GET 200 https://registry.npmjs.org/@rollup%2frollup-darwin-x64 96ms (cache miss)
1037 silly packumentCache full:https://registry.npmjs.org/@rollup%2frollup-darwin-x64 set size:undefined disposed:false
1038 http fetch GET 200 https://registry.npmjs.org/@rollup%2frollup-win32-x64-gnu 89ms (cache miss)
1039 silly packumentCache full:https://registry.npmjs.org/@rollup%2frollup-win32-x64-gnu set size:undefined disposed:false
1040 http fetch GET 200 https://registry.npmjs.org/@rollup%2frollup-android-arm64 97ms (cache miss)
1041 silly packumentCache full:https://registry.npmjs.org/@rollup%2frollup-android-arm64 set size:undefined disposed:false
1042 http fetch GET 200 https://registry.npmjs.org/@rollup%2frollup-freebsd-arm64 99ms (cache miss)
1043 silly packumentCache full:https://registry.npmjs.org/@rollup%2frollup-freebsd-arm64 set size:undefined disposed:false
1044 http fetch GET 200 https://registry.npmjs.org/@rollup%2frollup-linux-x64-musl 96ms (cache miss)
1045 silly packumentCache full:https://registry.npmjs.org/@rollup%2frollup-linux-x64-musl set size:undefined disposed:false
1046 http fetch GET 200 https://registry.npmjs.org/@rollup%2frollup-win32-x64-msvc 97ms (cache miss)
1047 silly packumentCache full:https://registry.npmjs.org/@rollup%2frollup-win32-x64-msvc set size:undefined disposed:false
1048 http fetch GET 200 https://registry.npmjs.org/@rollup%2frollup-linux-ppc64-gnu 95ms (cache miss)
1049 silly packumentCache full:https://registry.npmjs.org/@rollup%2frollup-linux-ppc64-gnu set size:undefined disposed:false
1050 http fetch GET 200 https://registry.npmjs.org/@rollup%2frollup-linux-x64-gnu 103ms (cache miss)
1051 silly packumentCache full:https://registry.npmjs.org/@rollup%2frollup-linux-x64-gnu set size:undefined disposed:false
1052 http fetch GET 200 https://registry.npmjs.org/@rollup%2frollup-linux-arm64-gnu 103ms (cache miss)
1053 silly packumentCache full:https://registry.npmjs.org/@rollup%2frollup-linux-arm64-gnu set size:undefined disposed:false
1054 http fetch GET 200 https://registry.npmjs.org/@rollup%2frollup-linux-arm64-musl 64ms (cache miss)
1055 silly packumentCache full:https://registry.npmjs.org/@rollup%2frollup-linux-arm64-musl set size:undefined disposed:false
1056 http fetch GET 200 https://registry.npmjs.org/@rollup%2frollup-win32-ia32-msvc 70ms (cache miss)
1057 silly packumentCache full:https://registry.npmjs.org/@rollup%2frollup-win32-ia32-msvc set size:undefined disposed:false
1058 http fetch GET 200 https://registry.npmjs.org/@rollup%2frollup-win32-arm64-msvc 71ms (cache miss)
1059 silly packumentCache full:https://registry.npmjs.org/@rollup%2frollup-win32-arm64-msvc set size:undefined disposed:false
1060 http fetch GET 200 https://registry.npmjs.org/@rollup%2frollup-linux-s390x-gnu 88ms (cache miss)
1061 silly packumentCache full:https://registry.npmjs.org/@rollup%2frollup-linux-s390x-gnu set size:undefined disposed:false
1062 http fetch GET 200 https://registry.npmjs.org/@rollup%2frollup-android-arm-eabi 77ms (cache miss)
1063 silly packumentCache full:https://registry.npmjs.org/@rollup%2frollup-android-arm-eabi set size:undefined disposed:false
1064 http fetch GET 200 https://registry.npmjs.org/@rollup%2frollup-openharmony-arm64 73ms (cache miss)
1065 silly packumentCache full:https://registry.npmjs.org/@rollup%2frollup-openharmony-arm64 set size:undefined disposed:false
1066 http fetch GET 200 https://registry.npmjs.org/@rollup%2frollup-linux-loong64-musl 81ms (cache miss)
1067 silly packumentCache full:https://registry.npmjs.org/@rollup%2frollup-linux-loong64-musl set size:undefined disposed:false
1068 http fetch GET 200 https://registry.npmjs.org/@rollup%2frollup-linux-riscv64-gnu 83ms (cache miss)
1069 silly packumentCache full:https://registry.npmjs.org/@rollup%2frollup-linux-riscv64-gnu set size:undefined disposed:false
1070 http fetch GET 200 https://registry.npmjs.org/@rollup%2frollup-linux-riscv64-musl 83ms (cache miss)
1071 silly packumentCache full:https://registry.npmjs.org/@rollup%2frollup-linux-riscv64-musl set size:undefined disposed:false
1072 http fetch GET 200 https://registry.npmjs.org/@rollup%2frollup-linux-arm-musleabihf 77ms (cache miss)
1073 silly packumentCache full:https://registry.npmjs.org/@rollup%2frollup-linux-arm-musleabihf set size:undefined disposed:false
1074 http fetch GET 200 https://registry.npmjs.org/@rollup%2frollup-linux-arm-gnueabihf 84ms (cache miss)
1075 silly packumentCache full:https://registry.npmjs.org/@rollup%2frollup-linux-arm-gnueabihf set size:undefined disposed:false
1076 http fetch GET 200 https://registry.npmjs.org/@rollup%2frollup-linux-ppc64-musl 143ms (cache miss)
1077 silly packumentCache full:https://registry.npmjs.org/@rollup%2frollup-linux-ppc64-musl set size:undefined disposed:false
1078 http fetch GET 200 https://registry.npmjs.org/@rollup%2frollup-linux-loong64-gnu 146ms (cache miss)
1079 silly packumentCache full:https://registry.npmjs.org/@rollup%2frollup-linux-loong64-gnu set size:undefined disposed:false
1080 silly placeDep ROOT @esbuild/aix-ppc64@0.21.5 OK for: esbuild@0.21.5 want: 0.21.5
1081 silly placeDep ROOT @esbuild/android-arm@0.21.5 OK for: esbuild@0.21.5 want: 0.21.5
1082 silly placeDep ROOT @esbuild/android-arm64@0.21.5 OK for: esbuild@0.21.5 want: 0.21.5
1083 silly placeDep ROOT @esbuild/android-x64@0.21.5 OK for: esbuild@0.21.5 want: 0.21.5
1084 silly placeDep ROOT @esbuild/darwin-arm64@0.21.5 OK for: esbuild@0.21.5 want: 0.21.5
1085 silly placeDep ROOT @esbuild/darwin-x64@0.21.5 OK for: esbuild@0.21.5 want: 0.21.5
1086 silly placeDep ROOT @esbuild/freebsd-arm64@0.21.5 OK for: esbuild@0.21.5 want: 0.21.5
1087 silly placeDep ROOT @esbuild/freebsd-x64@0.21.5 OK for: esbuild@0.21.5 want: 0.21.5
1088 silly placeDep ROOT @esbuild/linux-arm@0.21.5 OK for: esbuild@0.21.5 want: 0.21.5
1089 silly placeDep ROOT @esbuild/linux-arm64@0.21.5 OK for: esbuild@0.21.5 want: 0.21.5
1090 silly placeDep ROOT @esbuild/linux-ia32@0.21.5 OK for: esbuild@0.21.5 want: 0.21.5
1091 silly placeDep ROOT @esbuild/linux-loong64@0.21.5 OK for: esbuild@0.21.5 want: 0.21.5
1092 silly placeDep ROOT @esbuild/linux-mips64el@0.21.5 OK for: esbuild@0.21.5 want: 0.21.5
1093 silly placeDep ROOT @esbuild/linux-ppc64@0.21.5 OK for: esbuild@0.21.5 want: 0.21.5
1094 silly placeDep ROOT @esbuild/linux-riscv64@0.21.5 OK for: esbuild@0.21.5 want: 0.21.5
1095 silly placeDep ROOT @esbuild/linux-s390x@0.21.5 OK for: esbuild@0.21.5 want: 0.21.5
1096 silly placeDep ROOT @esbuild/linux-x64@0.21.5 OK for: esbuild@0.21.5 want: 0.21.5
1097 silly placeDep ROOT @esbuild/netbsd-x64@0.21.5 OK for: esbuild@0.21.5 want: 0.21.5
1098 silly placeDep ROOT @esbuild/openbsd-x64@0.21.5 OK for: esbuild@0.21.5 want: 0.21.5
1099 silly placeDep ROOT @esbuild/sunos-x64@0.21.5 OK for: esbuild@0.21.5 want: 0.21.5
1100 silly placeDep ROOT @esbuild/win32-arm64@0.21.5 OK for: esbuild@0.21.5 want: 0.21.5
1101 silly placeDep ROOT @esbuild/win32-ia32@0.21.5 OK for: esbuild@0.21.5 want: 0.21.5
1102 silly placeDep ROOT @esbuild/win32-x64@0.21.5 OK for: esbuild@0.21.5 want: 0.21.5
1103 silly placeDep ROOT nanoid@3.3.16 OK for: postcss@8.5.25 want: ^3.3.16
1104 silly placeDep ROOT source-map-js@1.2.1 OK for: postcss@8.5.25 want: ^1.2.1
1105 silly placeDep ROOT @rollup/rollup-android-arm-eabi@4.62.3 OK for: rollup@4.62.3 want: 4.62.3
1106 silly placeDep ROOT @rollup/rollup-android-arm64@4.62.3 OK for: rollup@4.62.3 want: 4.62.3
1107 silly placeDep ROOT @rollup/rollup-darwin-arm64@4.62.3 OK for: rollup@4.62.3 want: 4.62.3
1108 silly placeDep ROOT @rollup/rollup-darwin-x64@4.62.3 OK for: rollup@4.62.3 want: 4.62.3
1109 silly placeDep ROOT @rollup/rollup-freebsd-arm64@4.62.3 OK for: rollup@4.62.3 want: 4.62.3
1110 silly placeDep ROOT @rollup/rollup-freebsd-x64@4.62.3 OK for: rollup@4.62.3 want: 4.62.3
1111 silly placeDep ROOT @rollup/rollup-linux-arm-gnueabihf@4.62.3 OK for: rollup@4.62.3 want: 4.62.3
1112 silly placeDep ROOT @rollup/rollup-linux-arm-musleabihf@4.62.3 OK for: rollup@4.62.3 want: 4.62.3
1113 silly placeDep ROOT @rollup/rollup-linux-arm64-gnu@4.62.3 OK for: rollup@4.62.3 want: 4.62.3
1114 silly placeDep ROOT @rollup/rollup-linux-arm64-musl@4.62.3 OK for: rollup@4.62.3 want: 4.62.3
1115 silly placeDep ROOT @rollup/rollup-linux-loong64-gnu@4.62.3 OK for: rollup@4.62.3 want: 4.62.3
1116 silly placeDep ROOT @rollup/rollup-linux-loong64-musl@4.62.3 OK for: rollup@4.62.3 want: 4.62.3
1117 silly placeDep ROOT @rollup/rollup-linux-ppc64-gnu@4.62.3 OK for: rollup@4.62.3 want: 4.62.3
1118 silly placeDep ROOT @rollup/rollup-linux-ppc64-musl@4.62.3 OK for: rollup@4.62.3 want: 4.62.3
1119 silly placeDep ROOT @rollup/rollup-linux-riscv64-gnu@4.62.3 OK for: rollup@4.62.3 want: 4.62.3
1120 silly placeDep ROOT @rollup/rollup-linux-riscv64-musl@4.62.3 OK for: rollup@4.62.3 want: 4.62.3
1121 silly placeDep ROOT @rollup/rollup-linux-s390x-gnu@4.62.3 OK for: rollup@4.62.3 want: 4.62.3
1122 silly placeDep ROOT @rollup/rollup-linux-x64-gnu@4.62.3 OK for: rollup@4.62.3 want: 4.62.3
1123 silly placeDep ROOT @rollup/rollup-linux-x64-musl@4.62.3 OK for: rollup@4.62.3 want: 4.62.3
1124 silly placeDep ROOT @rollup/rollup-openbsd-x64@4.62.3 OK for: rollup@4.62.3 want: 4.62.3
1125 silly placeDep ROOT @rollup/rollup-openharmony-arm64@4.62.3 OK for: rollup@4.62.3 want: 4.62.3
1126 silly placeDep ROOT @rollup/rollup-win32-arm64-msvc@4.62.3 OK for: rollup@4.62.3 want: 4.62.3
1127 silly placeDep ROOT @rollup/rollup-win32-ia32-msvc@4.62.3 OK for: rollup@4.62.3 want: 4.62.3
1128 silly placeDep ROOT @rollup/rollup-win32-x64-gnu@4.62.3 OK for: rollup@4.62.3 want: 4.62.3
1129 silly placeDep ROOT @rollup/rollup-win32-x64-msvc@4.62.3 OK for: rollup@4.62.3 want: 4.62.3
1130 silly placeDep ROOT @types/estree@1.0.9 OK for: rollup@4.62.3 want: 1.0.9
1131 silly placeDep ROOT cliui@8.0.1 OK for: yargs@17.7.2 want: ^8.0.1
1132 silly placeDep ROOT get-caller-file@2.0.5 OK for: yargs@17.7.2 want: ^2.0.5
1133 silly placeDep ROOT require-directory@2.1.1 OK for: yargs@17.7.2 want: ^2.1.1
1134 silly placeDep ROOT string-width@4.2.3 OK for: yargs@17.7.2 want: ^4.2.3
1135 silly placeDep ROOT y18n@5.0.8 OK for: yargs@17.7.2 want: ^5.0.5
1136 silly placeDep ROOT yargs-parser@21.1.1 OK for: yargs@17.7.2 want: ^21.1.1
1137 silly fetch manifest wrap-ansi@^7.0.0
1138 silly packumentCache full:https://registry.npmjs.org/wrap-ansi cache-miss
1139 silly fetch manifest strip-ansi@^6.0.1
1140 silly packumentCache full:https://registry.npmjs.org/strip-ansi cache-miss
1141 silly fetch manifest string-width@^4.2.0
1142 silly packumentCache full:https://registry.npmjs.org/string-width cache-miss
1143 silly fetch manifest strip-ansi@^6.0.1
1144 silly packumentCache full:https://registry.npmjs.org/strip-ansi cache-miss
1145 silly fetch manifest emoji-regex@^8.0.0
1146 silly packumentCache full:https://registry.npmjs.org/emoji-regex cache-miss
1147 silly fetch manifest is-fullwidth-code-point@^3.0.0
1148 silly packumentCache full:https://registry.npmjs.org/is-fullwidth-code-point cache-miss
1149 http cache https://registry.npmjs.org/string-width 8ms (cache hit)
1150 silly packumentCache full:https://registry.npmjs.org/string-width set size:72458 disposed:false
1151 http fetch GET 200 https://registry.npmjs.org/strip-ansi 53ms (cache miss)
1152 silly packumentCache full:https://registry.npmjs.org/strip-ansi set size:undefined disposed:false
1153 http fetch GET 200 https://registry.npmjs.org/strip-ansi 54ms (cache miss)
1154 silly packumentCache full:https://registry.npmjs.org/strip-ansi set size:undefined disposed:false
1155 http fetch GET 200 https://registry.npmjs.org/wrap-ansi 57ms (cache miss)
1156 silly packumentCache full:https://registry.npmjs.org/wrap-ansi set size:undefined disposed:false
1157 http fetch GET 200 https://registry.npmjs.org/emoji-regex 57ms (cache miss)
1158 silly packumentCache full:https://registry.npmjs.org/emoji-regex set size:undefined disposed:false
1159 http fetch GET 200 https://registry.npmjs.org/is-fullwidth-code-point 58ms (cache miss)
1160 silly packumentCache full:https://registry.npmjs.org/is-fullwidth-code-point set size:undefined disposed:false
1161 silly placeDep ROOT strip-ansi@6.0.1 OK for: cliui@8.0.1 want: ^6.0.1
1162 silly placeDep ROOT wrap-ansi@7.0.0 OK for: cliui@8.0.1 want: ^7.0.0
1163 silly fetch manifest ansi-regex@^5.0.1
1164 silly packumentCache full:https://registry.npmjs.org/ansi-regex cache-miss
1165 http fetch GET 200 https://registry.npmjs.org/ansi-regex 45ms (cache miss)
1166 silly packumentCache full:https://registry.npmjs.org/ansi-regex set size:undefined disposed:false
1167 silly placeDep ROOT emoji-regex@8.0.0 OK for: string-width@4.2.3 want: ^8.0.0
1168 silly placeDep ROOT is-fullwidth-code-point@3.0.0 OK for: string-width@4.2.3 want: ^3.0.0
1169 silly placeDep ROOT ansi-regex@5.0.1 OK for: strip-ansi@6.0.1 want: ^5.0.1
1170 silly placeDep node_modules/body-parser ms@2.0.0 OK for: debug@2.6.9 want: 2.0.0
1171 silly placeDep node_modules/express ms@2.0.0 OK for: debug@2.6.9 want: 2.0.0
1172 silly placeDep node_modules/finalhandler ms@2.0.0 OK for: debug@2.6.9 want: 2.0.0
1173 silly placeDep node_modules/send/node_modules/debug ms@2.0.0 OK for: debug@2.6.9 want: 2.0.0
1174 silly reify moves {}
1175 silly audit bulk request {
1175 silly audit   '@vitejs/plugin-react': [ '4.7.0' ],
1175 silly audit   vite: [ '5.4.21' ],
1175 silly audit   concurrently: [ '9.2.4' ],
1175 silly audit   dotenv: [ '16.6.1' ],
1175 silly audit   express: [ '4.22.2' ],
1175 silly audit   react: [ '18.3.1' ],
1175 silly audit   'react-dom': [ '18.3.1' ],
1175 silly audit   '@babel/core': [ '7.29.7' ],
1175 silly audit   '@babel/plugin-transform-react-jsx-self': [ '7.29.7' ],
1175 silly audit   '@babel/plugin-transform-react-jsx-source': [ '7.29.7' ],
1175 silly audit   '@rolldown/pluginutils': [ '1.0.0-beta.27' ],
1175 silly audit   '@types/babel__core': [ '7.20.5' ],
1175 silly audit   'react-refresh': [ '0.17.0' ],
1175 silly audit   '@babel/code-frame': [ '7.29.7' ],
1175 silly audit   '@babel/generator': [ '7.29.7' ],
1175 silly audit   '@babel/helper-compilation-targets': [ '7.29.7' ],
1175 silly audit   '@babel/helper-module-transforms': [ '7.29.7' ],
1175 silly audit   '@babel/helpers': [ '7.29.7' ],
1175 silly audit   '@babel/parser': [ '7.29.7' ],
1175 silly audit   '@babel/template': [ '7.29.7' ],
1175 silly audit   '@babel/traverse': [ '7.29.7' ],
1175 silly audit   '@babel/types': [ '7.29.7' ],
1175 silly audit   '@jridgewell/remapping': [ '2.3.5' ],
1175 silly audit   'convert-source-map': [ '2.0.0' ],
1175 silly audit   debug: [ '4.4.3', '2.6.9' ],
1175 silly audit   gensync: [ '1.0.0-beta.2' ],
1175 silly audit   json5: [ '2.2.3' ],
1175 silly audit   semver: [ '6.3.1' ],
1175 silly audit   '@babel/helper-validator-identifier': [ '7.29.7' ],
1175 silly audit   'js-tokens': [ '4.0.0' ],
1175 silly audit   picocolors: [ '1.1.1' ],
1175 silly audit   '@jridgewell/gen-mapping': [ '0.3.13' ],
1175 silly audit   '@jridgewell/trace-mapping': [ '0.3.31' ],
1175 silly audit   jsesc: [ '3.1.0' ],
1175 silly audit   '@babel/compat-data': [ '7.29.7' ],
1175 silly audit   '@babel/helper-validator-option': [ '7.29.7' ],
1175 silly audit   browserslist: [ '4.28.7' ],
1175 silly audit   'lru-cache': [ '5.1.1' ],
1175 silly audit   '@babel/helper-module-imports': [ '7.29.7' ],
1175 silly audit   '@babel/helper-plugin-utils': [ '7.29.7' ],
1175 silly audit   '@babel/helper-globals': [ '7.29.7' ],
1175 silly audit   '@babel/helper-string-parser': [ '7.29.7' ],
1175 silly audit   '@jridgewell/sourcemap-codec': [ '1.5.5' ],
1175 silly audit   '@jridgewell/resolve-uri': [ '3.1.2' ],
1175 silly audit   '@types/babel__generator': [ '7.27.0' ],
1175 silly audit   '@types/babel__template': [ '7.4.4' ],
1175 silly audit   '@types/babel__traverse': [ '7.28.0' ],
1175 silly audit   'baseline-browser-mapping': [ '2.11.7' ],
1175 silly audit   'caniuse-lite': [ '1.0.30001806' ],
1175 silly audit   'electron-to-chromium': [ '1.5.398' ],
1175 silly audit   'node-releases': [ '2.0.51' ],
1175 silly audit   'update-browserslist-db': [ '1.2.3' ],
1175 silly audit   chalk: [ '4.1.2' ],
1175 silly audit   rxjs: [ '7.8.2' ],
1175 silly audit   'shell-quote': [ '1.9.0' ],
1175 silly audit   'supports-color': [ '8.1.1', '7.2.0' ],
1175 silly audit   'tree-kill': [ '1.2.2' ],
1175 silly audit   yargs: [ '17.7.2' ],
1175 silly audit   'ansi-styles': [ '4.3.0' ],
1175 silly audit   'color-convert': [ '2.0.1' ],
1175 silly audit   'color-name': [ '1.1.4' ],
1175 silly audit   ms: [ '2.1.3', '2.0.0' ],
1175 silly audit   accepts: [ '1.3.8' ],
1175 silly audit   'array-flatten': [ '1.1.1' ],
1175 silly audit   'body-parser': [ '1.20.6' ],
1175 silly audit   'content-disposition': [ '0.5.4' ],
1175 silly audit   'content-type': [ '1.0.5' ],
1175 silly audit   cookie: [ '0.7.2' ],
1175 silly audit   'cookie-signature': [ '1.0.7' ],
1175 silly audit   depd: [ '2.0.0' ],
1175 silly audit   encodeurl: [ '2.0.0' ],
1175 silly audit   'escape-html': [ '1.0.3' ],
1175 silly audit   etag: [ '1.8.1' ],
1175 silly audit   finalhandler: [ '1.3.2' ],
1175 silly audit   fresh: [ '0.5.2' ],
1175 silly audit   'http-errors': [ '2.0.1' ],
1175 silly audit   'merge-descriptors': [ '1.0.3' ],
1175 silly audit   methods: [ '1.1.2' ],
1175 silly audit   'on-finished': [ '2.4.1' ],
1175 silly audit   parseurl: [ '1.3.3' ],
1175 silly audit   'path-to-regexp': [ '0.1.13' ],
1175 silly audit   'proxy-addr': [ '2.0.7' ],
1175 silly audit   qs: [ '6.15.3' ],
1175 silly audit   'range-parser': [ '1.2.1' ],
1175 silly audit   'safe-buffer': [ '5.2.1' ],
1175 silly audit   send: [ '0.19.2' ],
1175 silly audit   'serve-static': [ '1.16.3' ],
1175 silly audit   setprototypeof: [ '1.2.0' ],
1175 silly audit   statuses: [ '2.0.2' ],
1175 silly audit   'type-is': [ '1.6.18' ],
1175 silly audit   'utils-merge': [ '1.0.1' ],
1175 silly audit   vary: [ '1.1.2' ],
1175 silly audit   'mime-types': [ '2.1.35' ],
1175 silly audit   negotiator: [ '0.6.3' ],
1175 silly audit   bytes: [ '3.1.2' ],
1175 silly audit   destroy: [ '1.2.0' ],
1175 silly audit   'iconv-lite': [ '0.4.24' ],
1175 silly audit   'raw-body': [ '2.5.3' ],
1175 silly audit   unpipe: [ '1.0.0' ],
1175 silly audit   inherits: [ '2.0.4' ],
1175 silly audit   toidentifier: [ '1.0.1' ],
1175 silly audit   'safer-buffer': [ '2.1.2' ],
1175 silly audit   yallist: [ '3.1.1' ],
1175 silly audit   'mime-db': [ '1.52.0' ],
1175 silly audit   'ee-first': [ '1.1.1' ],
1175 silly audit   forwarded: [ '0.2.0' ],
1175 silly audit   'ipaddr.js': [ '1.9.1' ],
1175 silly audit   'es-define-property': [ '1.0.1' ],
1175 silly audit   'side-channel': [ '1.1.1' ],
1175 silly audit   'loose-envify': [ '1.4.0' ],
1175 silly audit   scheduler: [ '0.23.2' ],
1175 silly audit   tslib: [ '2.8.1' ],
1175 silly audit   mime: [ '1.6.0' ],
1175 silly audit   'es-errors': [ '1.3.0' ],
1175 silly audit   'object-inspect': [ '1.13.4' ],
1175 silly audit   'side-channel-list': [ '1.0.1' ],
1175 silly audit   'side-channel-map': [ '1.0.1' ],
1175 silly audit   'side-channel-weakmap': [ '1.0.2' ],
1175 silly audit   'call-bound': [ '1.0.4' ],
1175 silly audit   'get-intrinsic': [ '1.3.0' ],
1175 silly audit   'call-bind-apply-helpers': [ '1.0.2' ],
1175 silly audit   'function-bind': [ '1.1.2' ],
1175 silly audit   'es-object-atoms': [ '1.1.2' ],
1175 silly audit   'get-proto': [ '1.0.1' ],
1175 silly audit   gopd: [ '1.2.0' ],
1175 silly audit   'has-symbols': [ '1.1.0' ],
1175 silly audit   hasown: [ '2.0.4' ],
1175 silly audit   'math-intrinsics': [ '1.1.0' ],
1175 silly audit   'dunder-proto': [ '1.0.1' ],
1175 silly audit   'has-flag': [ '4.0.0' ],
1175 silly audit   'media-typer': [ '0.3.0' ],
1175 silly audit   escalade: [ '3.2.0' ],
1175 silly audit   esbuild: [ '0.21.5' ],
1175 silly audit   fsevents: [ '2.3.3' ],
1175 silly audit   postcss: [ '8.5.25' ],
1175 silly audit   rollup: [ '4.62.3' ],
1175 silly audit   '@esbuild/aix-ppc64': [ '0.21.5' ],
1175 silly audit   '@esbuild/android-arm': [ '0.21.5' ],
1175 silly audit   '@esbuild/android-arm64': [ '0.21.5' ],
1175 silly audit   '@esbuild/android-x64': [ '0.21.5' ],
1175 silly audit   '@esbuild/darwin-arm64': [ '0.21.5' ],
1175 silly audit   '@esbuild/darwin-x64': [ '0.21.5' ],
1175 silly audit   '@esbuild/freebsd-arm64': [ '0.21.5' ],
1175 silly audit   '@esbuild/freebsd-x64': [ '0.21.5' ],
1175 silly audit   '@esbuild/linux-arm': [ '0.21.5' ],
1175 silly audit   '@esbuild/linux-arm64': [ '0.21.5' ],
1175 silly audit   '@esbuild/linux-ia32': [ '0.21.5' ],
1175 silly audit   '@esbuild/linux-loong64': [ '0.21.5' ],
1175 silly audit   '@esbuild/linux-mips64el': [ '0.21.5' ],
1175 silly audit   '@esbuild/linux-ppc64': [ '0.21.5' ],
1175 silly audit   '@esbuild/linux-riscv64': [ '0.21.5' ],
1175 silly audit   '@esbuild/linux-s390x': [ '0.21.5' ],
1175 silly audit   '@esbuild/linux-x64': [ '0.21.5' ],
1175 silly audit   '@esbuild/netbsd-x64': [ '0.21.5' ],
1175 silly audit   '@esbuild/openbsd-x64': [ '0.21.5' ],
1175 silly audit   '@esbuild/sunos-x64': [ '0.21.5' ],
1175 silly audit   '@esbuild/win32-arm64': [ '0.21.5' ],
1175 silly audit   '@esbuild/win32-ia32': [ '0.21.5' ],
1175 silly audit   '@esbuild/win32-x64': [ '0.21.5' ],
1175 silly audit   nanoid: [ '3.3.16' ],
1175 silly audit   'source-map-js': [ '1.2.1' ],
1175 silly audit   '@rollup/rollup-android-arm-eabi': [ '4.62.3' ],
1175 silly audit   '@rollup/rollup-android-arm64': [ '4.62.3' ],
1175 silly audit   '@rollup/rollup-darwin-arm64': [ '4.62.3' ],
1175 silly audit   '@rollup/rollup-darwin-x64': [ '4.62.3' ],
1175 silly audit   '@rollup/rollup-freebsd-arm64': [ '4.62.3' ],
1175 silly audit   '@rollup/rollup-freebsd-x64': [ '4.62.3' ],
1175 silly audit   '@rollup/rollup-linux-arm-gnueabihf': [ '4.62.3' ],
1175 silly audit   '@rollup/rollup-linux-arm-musleabihf': [ '4.62.3' ],
1175 silly audit   '@rollup/rollup-linux-arm64-gnu': [ '4.62.3' ],
1175 silly audit   '@rollup/rollup-linux-arm64-musl': [ '4.62.3' ],
1175 silly audit   '@rollup/rollup-linux-loong64-gnu': [ '4.62.3' ],
1175 silly audit   '@rollup/rollup-linux-loong64-musl': [ '4.62.3' ],
1175 silly audit   '@rollup/rollup-linux-ppc64-gnu': [ '4.62.3' ],
1175 silly audit   '@rollup/rollup-linux-ppc64-musl': [ '4.62.3' ],
1175 silly audit   '@rollup/rollup-linux-riscv64-gnu': [ '4.62.3' ],
1175 silly audit   '@rollup/rollup-linux-riscv64-musl': [ '4.62.3' ],
1175 silly audit   '@rollup/rollup-linux-s390x-gnu': [ '4.62.3' ],
1175 silly audit   '@rollup/rollup-linux-x64-gnu': [ '4.62.3' ],
1175 silly audit   '@rollup/rollup-linux-x64-musl': [ '4.62.3' ],
1175 silly audit   '@rollup/rollup-openbsd-x64': [ '4.62.3' ],
1175 silly audit   '@rollup/rollup-openharmony-arm64': [ '4.62.3' ],
1175 silly audit   '@rollup/rollup-win32-arm64-msvc': [ '4.62.3' ],
1175 silly audit   '@rollup/rollup-win32-ia32-msvc': [ '4.62.3' ],
1175 silly audit   '@rollup/rollup-win32-x64-gnu': [ '4.62.3' ],
1175 silly audit   '@rollup/rollup-win32-x64-msvc': [ '4.62.3' ],
1175 silly audit   '@types/estree': [ '1.0.9' ],
1175 silly audit   cliui: [ '8.0.1' ],
1175 silly audit   'get-caller-file': [ '2.0.5' ],
1175 silly audit   'require-directory': [ '2.1.1' ],
1175 silly audit   'string-width': [ '4.2.3' ],
1175 silly audit   y18n: [ '5.0.8' ],
1175 silly audit   'yargs-parser': [ '21.1.1' ],
1175 silly audit   'strip-ansi': [ '6.0.1' ],
1175 silly audit   'wrap-ansi': [ '7.0.0' ],
1175 silly audit   'emoji-regex': [ '8.0.0' ],
1175 silly audit   'is-fullwidth-code-point': [ '3.0.0' ],
1175 silly audit   'ansi-regex': [ '5.0.1' ]
1175 silly audit }
1176 http cache emoji-regex@https://registry.npmjs.org/emoji-regex/-/emoji-regex-8.0.0.tgz 0ms (cache hit)
1177 http cache is-fullwidth-code-point@https://registry.npmjs.org/is-fullwidth-code-point/-/is-fullwidth-code-point-3.0.0.tgz 0ms (cache hit)
1178 http cache ansi-regex@https://registry.npmjs.org/ansi-regex/-/ansi-regex-5.0.1.tgz 0ms (cache hit)
1179 http cache yargs-parser@https://registry.npmjs.org/yargs-parser/-/yargs-parser-21.1.1.tgz 0ms (cache hit)
1180 http cache strip-ansi@https://registry.npmjs.org/strip-ansi/-/strip-ansi-6.0.1.tgz 0ms (cache hit)
1181 http cache string-width@https://registry.npmjs.org/string-width/-/string-width-4.2.3.tgz 0ms (cache hit)
1182 http cache @types/estree@https://registry.npmjs.org/@types/estree/-/estree-1.0.9.tgz 0ms (cache hit)
1183 http cache y18n@https://registry.npmjs.org/y18n/-/y18n-5.0.8.tgz 0ms (cache hit)
1184 http cache wrap-ansi@https://registry.npmjs.org/wrap-ansi/-/wrap-ansi-7.0.0.tgz 0ms (cache hit)
1185 http cache require-directory@https://registry.npmjs.org/require-directory/-/require-directory-2.1.1.tgz 0ms (cache hit)
1186 http cache @rollup/rollup-win32-x64-msvc@https://registry.npmjs.org/@rollup/rollup-win32-x64-msvc/-/rollup-win32-x64-msvc-4.62.3.tgz 0ms (cache hit)
1187 http cache cliui@https://registry.npmjs.org/cliui/-/cliui-8.0.1.tgz 0ms (cache hit)
1188 http cache nanoid@https://registry.npmjs.org/nanoid/-/nanoid-3.3.16.tgz 0ms (cache hit)
1189 http cache get-caller-file@https://registry.npmjs.org/get-caller-file/-/get-caller-file-2.0.5.tgz 0ms (cache hit)
1190 http cache @rollup/rollup-win32-x64-gnu@https://registry.npmjs.org/@rollup/rollup-win32-x64-gnu/-/rollup-win32-x64-gnu-4.62.3.tgz 0ms (cache hit)
1191 http cache @esbuild/win32-x64@https://registry.npmjs.org/@esbuild/win32-x64/-/win32-x64-0.21.5.tgz 1ms (cache hit)
1192 http cache rollup@https://registry.npmjs.org/rollup/-/rollup-4.62.3.tgz 0ms (cache hit)
1193 http cache source-map-js@https://registry.npmjs.org/source-map-js/-/source-map-js-1.2.1.tgz 0ms (cache hit)
1194 http cache postcss@https://registry.npmjs.org/postcss/-/postcss-8.5.25.tgz 0ms (cache hit)
1195 http cache esbuild@https://registry.npmjs.org/esbuild/-/esbuild-0.21.5.tgz 0ms (cache hit)
1196 http cache dunder-proto@https://registry.npmjs.org/dunder-proto/-/dunder-proto-1.0.1.tgz 0ms (cache hit)
1197 http cache media-typer@https://registry.npmjs.org/media-typer/-/media-typer-0.3.0.tgz 0ms (cache hit)
1198 http cache escalade@https://registry.npmjs.org/escalade/-/escalade-3.2.0.tgz 0ms (cache hit)
1199 http cache math-intrinsics@https://registry.npmjs.org/math-intrinsics/-/math-intrinsics-1.1.0.tgz 0ms (cache hit)
1200 http cache has-flag@https://registry.npmjs.org/has-flag/-/has-flag-4.0.0.tgz 0ms (cache hit)
1201 http cache hasown@https://registry.npmjs.org/hasown/-/hasown-2.0.4.tgz 0ms (cache hit)
1202 http cache gopd@https://registry.npmjs.org/gopd/-/gopd-1.2.0.tgz 0ms (cache hit)
1203 http cache get-proto@https://registry.npmjs.org/get-proto/-/get-proto-1.0.1.tgz 0ms (cache hit)
1204 http cache es-object-atoms@https://registry.npmjs.org/es-object-atoms/-/es-object-atoms-1.1.2.tgz 0ms (cache hit)
1205 http cache has-symbols@https://registry.npmjs.org/has-symbols/-/has-symbols-1.1.0.tgz 0ms (cache hit)
1206 http cache function-bind@https://registry.npmjs.org/function-bind/-/function-bind-1.1.2.tgz 0ms (cache hit)
1207 http cache side-channel-map@https://registry.npmjs.org/side-channel-map/-/side-channel-map-1.0.1.tgz 0ms (cache hit)
1208 http cache get-intrinsic@https://registry.npmjs.org/get-intrinsic/-/get-intrinsic-1.3.0.tgz 0ms (cache hit)
1209 http cache call-bound@https://registry.npmjs.org/call-bound/-/call-bound-1.0.4.tgz 0ms (cache hit)
1210 http cache call-bind-apply-helpers@https://registry.npmjs.org/call-bind-apply-helpers/-/call-bind-apply-helpers-1.0.2.tgz 0ms (cache hit)
1211 http cache object-inspect@https://registry.npmjs.org/object-inspect/-/object-inspect-1.13.4.tgz 0ms (cache hit)
1212 http cache side-channel-weakmap@https://registry.npmjs.org/side-channel-weakmap/-/side-channel-weakmap-1.0.2.tgz 0ms (cache hit)
1213 http cache side-channel-list@https://registry.npmjs.org/side-channel-list/-/side-channel-list-1.0.1.tgz 0ms (cache hit)
1214 http cache es-errors@https://registry.npmjs.org/es-errors/-/es-errors-1.3.0.tgz 0ms (cache hit)
1215 http cache tslib@https://registry.npmjs.org/tslib/-/tslib-2.8.1.tgz 0ms (cache hit)
1216 http cache mime@https://registry.npmjs.org/mime/-/mime-1.6.0.tgz 0ms (cache hit)
1217 http cache scheduler@https://registry.npmjs.org/scheduler/-/scheduler-0.23.2.tgz 0ms (cache hit)
1218 http cache loose-envify@https://registry.npmjs.org/loose-envify/-/loose-envify-1.4.0.tgz 0ms (cache hit)
1219 http cache ipaddr.js@https://registry.npmjs.org/ipaddr.js/-/ipaddr.js-1.9.1.tgz 0ms (cache hit)
1220 http cache side-channel@https://registry.npmjs.org/side-channel/-/side-channel-1.1.1.tgz 0ms (cache hit)
1221 http cache forwarded@https://registry.npmjs.org/forwarded/-/forwarded-0.2.0.tgz 0ms (cache hit)
1222 http cache es-define-property@https://registry.npmjs.org/es-define-property/-/es-define-property-1.0.1.tgz 0ms (cache hit)
1223 http cache ee-first@https://registry.npmjs.org/ee-first/-/ee-first-1.1.1.tgz 0ms (cache hit)
1224 http cache mime-db@https://registry.npmjs.org/mime-db/-/mime-db-1.52.0.tgz 0ms (cache hit)
1225 http cache safer-buffer@https://registry.npmjs.org/safer-buffer/-/safer-buffer-2.1.2.tgz 0ms (cache hit)
1226 http cache yallist@https://registry.npmjs.org/yallist/-/yallist-3.1.1.tgz 0ms (cache hit)
1227 http cache inherits@https://registry.npmjs.org/inherits/-/inherits-2.0.4.tgz 0ms (cache hit)
1228 http cache raw-body@https://registry.npmjs.org/raw-body/-/raw-body-2.5.3.tgz 0ms (cache hit)
1229 http cache toidentifier@https://registry.npmjs.org/toidentifier/-/toidentifier-1.0.1.tgz 0ms (cache hit)
1230 http cache unpipe@https://registry.npmjs.org/unpipe/-/unpipe-1.0.0.tgz 0ms (cache hit)
1231 http cache iconv-lite@https://registry.npmjs.org/iconv-lite/-/iconv-lite-0.4.24.tgz 0ms (cache hit)
1232 http cache destroy@https://registry.npmjs.org/destroy/-/destroy-1.2.0.tgz 0ms (cache hit)
1233 http cache mime-types@https://registry.npmjs.org/mime-types/-/mime-types-2.1.35.tgz 0ms (cache hit)
1234 http cache negotiator@https://registry.npmjs.org/negotiator/-/negotiator-0.6.3.tgz 0ms (cache hit)
1235 http cache bytes@https://registry.npmjs.org/bytes/-/bytes-3.1.2.tgz 0ms (cache hit)
1236 http cache vary@https://registry.npmjs.org/vary/-/vary-1.1.2.tgz 0ms (cache hit)
1237 http cache type-is@https://registry.npmjs.org/type-is/-/type-is-1.6.18.tgz 0ms (cache hit)
1238 http cache serve-static@https://registry.npmjs.org/serve-static/-/serve-static-1.16.3.tgz 0ms (cache hit)
1239 http cache utils-merge@https://registry.npmjs.org/utils-merge/-/utils-merge-1.0.1.tgz 0ms (cache hit)
1240 http cache statuses@https://registry.npmjs.org/statuses/-/statuses-2.0.2.tgz 0ms (cache hit)
1241 http cache setprototypeof@https://registry.npmjs.org/setprototypeof/-/setprototypeof-1.2.0.tgz 0ms (cache hit)
1242 http cache safe-buffer@https://registry.npmjs.org/safe-buffer/-/safe-buffer-5.2.1.tgz 0ms (cache hit)
1243 http cache send@https://registry.npmjs.org/send/-/send-0.19.2.tgz 0ms (cache hit)
1244 http cache qs@https://registry.npmjs.org/qs/-/qs-6.15.3.tgz 0ms (cache hit)
1245 http cache range-parser@https://registry.npmjs.org/range-parser/-/range-parser-1.2.1.tgz 0ms (cache hit)
1246 http cache proxy-addr@https://registry.npmjs.org/proxy-addr/-/proxy-addr-2.0.7.tgz 0ms (cache hit)
1247 http cache parseurl@https://registry.npmjs.org/parseurl/-/parseurl-1.3.3.tgz 0ms (cache hit)
1248 http cache path-to-regexp@https://registry.npmjs.org/path-to-regexp/-/path-to-regexp-0.1.13.tgz 0ms (cache hit)
1249 http cache methods@https://registry.npmjs.org/methods/-/methods-1.1.2.tgz 0ms (cache hit)
1250 http cache on-finished@https://registry.npmjs.org/on-finished/-/on-finished-2.4.1.tgz 0ms (cache hit)
1251 http cache merge-descriptors@https://registry.npmjs.org/merge-descriptors/-/merge-descriptors-1.0.3.tgz 0ms (cache hit)
1252 http cache fresh@https://registry.npmjs.org/fresh/-/fresh-0.5.2.tgz 0ms (cache hit)
1253 http cache http-errors@https://registry.npmjs.org/http-errors/-/http-errors-2.0.1.tgz 0ms (cache hit)
1254 http cache finalhandler@https://registry.npmjs.org/finalhandler/-/finalhandler-1.3.2.tgz 0ms (cache hit)
1255 http cache etag@https://registry.npmjs.org/etag/-/etag-1.8.1.tgz 0ms (cache hit)
1256 http cache escape-html@https://registry.npmjs.org/escape-html/-/escape-html-1.0.3.tgz 0ms (cache hit)
1257 http cache depd@https://registry.npmjs.org/depd/-/depd-2.0.0.tgz 0ms (cache hit)
1258 http cache encodeurl@https://registry.npmjs.org/encodeurl/-/encodeurl-2.0.0.tgz 0ms (cache hit)
1259 http cache content-type@https://registry.npmjs.org/content-type/-/content-type-1.0.5.tgz 0ms (cache hit)
1260 http cache cookie@https://registry.npmjs.org/cookie/-/cookie-0.7.2.tgz 0ms (cache hit)
1261 http cache cookie-signature@https://registry.npmjs.org/cookie-signature/-/cookie-signature-1.0.7.tgz 0ms (cache hit)
1262 http cache content-disposition@https://registry.npmjs.org/content-disposition/-/content-disposition-0.5.4.tgz 0ms (cache hit)
1263 http cache body-parser@https://registry.npmjs.org/body-parser/-/body-parser-1.20.6.tgz 0ms (cache hit)
1264 http cache array-flatten@https://registry.npmjs.org/array-flatten/-/array-flatten-1.1.1.tgz 0ms (cache hit)
1265 http cache accepts@https://registry.npmjs.org/accepts/-/accepts-1.3.8.tgz 0ms (cache hit)
1266 http cache ms@https://registry.npmjs.org/ms/-/ms-2.1.3.tgz 0ms (cache hit)
1267 http cache color-convert@https://registry.npmjs.org/color-convert/-/color-convert-2.0.1.tgz 0ms (cache hit)
1268 http cache ansi-styles@https://registry.npmjs.org/ansi-styles/-/ansi-styles-4.3.0.tgz 0ms (cache hit)
1269 http cache tree-kill@https://registry.npmjs.org/tree-kill/-/tree-kill-1.2.2.tgz 0ms (cache hit)
1270 http cache color-name@https://registry.npmjs.org/color-name/-/color-name-1.1.4.tgz 0ms (cache hit)
1271 http cache yargs@https://registry.npmjs.org/yargs/-/yargs-17.7.2.tgz 0ms (cache hit)
1272 http cache supports-color@https://registry.npmjs.org/supports-color/-/supports-color-8.1.1.tgz 0ms (cache hit)
1273 http cache shell-quote@https://registry.npmjs.org/shell-quote/-/shell-quote-1.9.0.tgz 0ms (cache hit)
1274 http cache chalk@https://registry.npmjs.org/chalk/-/chalk-4.1.2.tgz 0ms (cache hit)
1275 http cache update-browserslist-db@https://registry.npmjs.org/update-browserslist-db/-/update-browserslist-db-1.2.3.tgz 0ms (cache hit)
1276 http cache @types/babel__traverse@https://registry.npmjs.org/@types/babel__traverse/-/babel__traverse-7.28.0.tgz 0ms (cache hit)
1277 http cache rxjs@https://registry.npmjs.org/rxjs/-/rxjs-7.8.2.tgz 0ms (cache hit)
1278 http cache node-releases@https://registry.npmjs.org/node-releases/-/node-releases-2.0.51.tgz 0ms (cache hit)
1279 http cache @types/babel__template@https://registry.npmjs.org/@types/babel__template/-/babel__template-7.4.4.tgz 0ms (cache hit)
1280 http cache electron-to-chromium@https://registry.npmjs.org/electron-to-chromium/-/electron-to-chromium-1.5.398.tgz 0ms (cache hit)
1281 http cache @types/babel__generator@https://registry.npmjs.org/@types/babel__generator/-/babel__generator-7.27.0.tgz 0ms (cache hit)
1282 http cache caniuse-lite@https://registry.npmjs.org/caniuse-lite/-/caniuse-lite-1.0.30001806.tgz 0ms (cache hit)
1283 http cache baseline-browser-mapping@https://registry.npmjs.org/baseline-browser-mapping/-/baseline-browser-mapping-2.11.7.tgz 0ms (cache hit)
1284 http cache @jridgewell/resolve-uri@https://registry.npmjs.org/@jridgewell/resolve-uri/-/resolve-uri-3.1.2.tgz 0ms (cache hit)
1285 http cache @jridgewell/sourcemap-codec@https://registry.npmjs.org/@jridgewell/sourcemap-codec/-/sourcemap-codec-1.5.5.tgz 0ms (cache hit)
1286 http cache @babel/helper-string-parser@https://registry.npmjs.org/@babel/helper-string-parser/-/helper-string-parser-7.29.7.tgz 0ms (cache hit)
1287 http cache @babel/helper-globals@https://registry.npmjs.org/@babel/helper-globals/-/helper-globals-7.29.7.tgz 0ms (cache hit)
1288 http cache browserslist@https://registry.npmjs.org/browserslist/-/browserslist-4.28.7.tgz 0ms (cache hit)
1289 http cache lru-cache@https://registry.npmjs.org/lru-cache/-/lru-cache-5.1.1.tgz 0ms (cache hit)
1290 http cache @babel/helper-plugin-utils@https://registry.npmjs.org/@babel/helper-plugin-utils/-/helper-plugin-utils-7.29.7.tgz 0ms (cache hit)
1291 http cache @babel/helper-validator-option@https://registry.npmjs.org/@babel/helper-validator-option/-/helper-validator-option-7.29.7.tgz 0ms (cache hit)
1292 http cache @babel/helper-module-imports@https://registry.npmjs.org/@babel/helper-module-imports/-/helper-module-imports-7.29.7.tgz 0ms (cache hit)
1293 http cache jsesc@https://registry.npmjs.org/jsesc/-/jsesc-3.1.0.tgz 0ms (cache hit)
1294 http cache @babel/compat-data@https://registry.npmjs.org/@babel/compat-data/-/compat-data-7.29.7.tgz 0ms (cache hit)
1295 http cache @jridgewell/gen-mapping@https://registry.npmjs.org/@jridgewell/gen-mapping/-/gen-mapping-0.3.13.tgz 0ms (cache hit)
1296 http cache picocolors@https://registry.npmjs.org/picocolors/-/picocolors-1.1.1.tgz 0ms (cache hit)
1297 http cache @jridgewell/trace-mapping@https://registry.npmjs.org/@jridgewell/trace-mapping/-/trace-mapping-0.3.31.tgz 0ms (cache hit)
1298 http cache js-tokens@https://registry.npmjs.org/js-tokens/-/js-tokens-4.0.0.tgz 0ms (cache hit)
1299 http cache @babel/helper-validator-identifier@https://registry.npmjs.org/@babel/helper-validator-identifier/-/helper-validator-identifier-7.29.7.tgz 0ms (cache hit)
1300 http cache semver@https://registry.npmjs.org/semver/-/semver-6.3.1.tgz 0ms (cache hit)
1301 http cache @jridgewell/remapping@https://registry.npmjs.org/@jridgewell/remapping/-/remapping-2.3.5.tgz 0ms (cache hit)
1302 http cache json5@https://registry.npmjs.org/json5/-/json5-2.2.3.tgz 0ms (cache hit)
1303 http cache debug@https://registry.npmjs.org/debug/-/debug-4.4.3.tgz 0ms (cache hit)
1304 http cache convert-source-map@https://registry.npmjs.org/convert-source-map/-/convert-source-map-2.0.0.tgz 0ms (cache hit)
1305 http cache @babel/types@https://registry.npmjs.org/@babel/types/-/types-7.29.7.tgz 0ms (cache hit)
1306 http cache gensync@https://registry.npmjs.org/gensync/-/gensync-1.0.0-beta.2.tgz 0ms (cache hit)
1307 http cache @babel/traverse@https://registry.npmjs.org/@babel/traverse/-/traverse-7.29.7.tgz 0ms (cache hit)
1308 http cache @babel/template@https://registry.npmjs.org/@babel/template/-/template-7.29.7.tgz 0ms (cache hit)
1309 http cache @babel/helpers@https://registry.npmjs.org/@babel/helpers/-/helpers-7.29.7.tgz 0ms (cache hit)
1310 http cache @babel/helper-module-transforms@https://registry.npmjs.org/@babel/helper-module-transforms/-/helper-module-transforms-7.29.7.tgz 0ms (cache hit)
1311 http cache @babel/parser@https://registry.npmjs.org/@babel/parser/-/parser-7.29.7.tgz 0ms (cache hit)
1312 http cache @babel/generator@https://registry.npmjs.org/@babel/generator/-/generator-7.29.7.tgz 0ms (cache hit)
1313 http cache @babel/helper-compilation-targets@https://registry.npmjs.org/@babel/helper-compilation-targets/-/helper-compilation-targets-7.29.7.tgz 0ms (cache hit)
1314 http cache @types/babel__core@https://registry.npmjs.org/@types/babel__core/-/babel__core-7.20.5.tgz 0ms (cache hit)
1315 http cache react-refresh@https://registry.npmjs.org/react-refresh/-/react-refresh-0.17.0.tgz 0ms (cache hit)
1316 http cache @rolldown/pluginutils@https://registry.npmjs.org/@rolldown/pluginutils/-/pluginutils-1.0.0-beta.27.tgz 0ms (cache hit)
1317 http cache @babel/code-frame@https://registry.npmjs.org/@babel/code-frame/-/code-frame-7.29.7.tgz 0ms (cache hit)
1318 http cache react@https://registry.npmjs.org/react/-/react-18.3.1.tgz 0ms (cache hit)
1319 http cache express@https://registry.npmjs.org/express/-/express-4.22.2.tgz 0ms (cache hit)
1320 http cache react-dom@https://registry.npmjs.org/react-dom/-/react-dom-18.3.1.tgz 0ms (cache hit)
1321 http cache @babel/plugin-transform-react-jsx-source@https://registry.npmjs.org/@babel/plugin-transform-react-jsx-source/-/plugin-transform-react-jsx-source-7.29.7.tgz 0ms (cache hit)
1322 http cache @babel/plugin-transform-react-jsx-self@https://registry.npmjs.org/@babel/plugin-transform-react-jsx-self/-/plugin-transform-react-jsx-self-7.29.7.tgz 0ms (cache hit)
1323 http cache dotenv@https://registry.npmjs.org/dotenv/-/dotenv-16.6.1.tgz 0ms (cache hit)
1324 http cache @babel/core@https://registry.npmjs.org/@babel/core/-/core-7.29.7.tgz 0ms (cache hit)
1325 http cache @vitejs/plugin-react@https://registry.npmjs.org/@vitejs/plugin-react/-/plugin-react-4.7.0.tgz 0ms (cache hit)
1326 http cache debug@https://registry.npmjs.org/debug/-/debug-2.6.9.tgz 0ms (cache hit)
1327 http cache concurrently@https://registry.npmjs.org/concurrently/-/concurrently-9.2.4.tgz 0ms (cache hit)
1328 http cache vite@https://registry.npmjs.org/vite/-/vite-5.4.21.tgz 0ms (cache hit)
1329 http cache ms@https://registry.npmjs.org/ms/-/ms-2.0.0.tgz 0ms (cache hit)
1330 http cache ms@https://registry.npmjs.org/ms/-/ms-2.0.0.tgz 0ms (cache hit)
1331 http cache supports-color@https://registry.npmjs.org/supports-color/-/supports-color-7.2.0.tgz 0ms (cache hit)
1332 http cache ms@https://registry.npmjs.org/ms/-/ms-2.0.0.tgz 0ms (cache hit)
1333 http cache debug@https://registry.npmjs.org/debug/-/debug-2.6.9.tgz 0ms (cache hit)
1334 http cache debug@https://registry.npmjs.org/debug/-/debug-2.6.9.tgz 0ms (cache hit)
1335 http cache ms@https://registry.npmjs.org/ms/-/ms-2.0.0.tgz 0ms (cache hit)
1336 silly tarball no local data for is-fullwidth-code-point@https://registry.npmjs.org/is-fullwidth-code-point/-/is-fullwidth-code-point-3.0.0.tgz. Extracting by manifest.
1337 silly tarball no local data for emoji-regex@https://registry.npmjs.org/emoji-regex/-/emoji-regex-8.0.0.tgz. Extracting by manifest.
1338 http cache debug@https://registry.npmjs.org/debug/-/debug-2.6.9.tgz 0ms (cache hit)
1339 silly tarball no local data for yargs-parser@https://registry.npmjs.org/yargs-parser/-/yargs-parser-21.1.1.tgz. Extracting by manifest.
1340 silly tarball no local data for strip-ansi@https://registry.npmjs.org/strip-ansi/-/strip-ansi-6.0.1.tgz. Extracting by manifest.
1341 silly tarball no local data for ansi-regex@https://registry.npmjs.org/ansi-regex/-/ansi-regex-5.0.1.tgz. Extracting by manifest.
1342 silly tarball no local data for string-width@https://registry.npmjs.org/string-width/-/string-width-4.2.3.tgz. Extracting by manifest.
1343 silly tarball no local data for @types/estree@https://registry.npmjs.org/@types/estree/-/estree-1.0.9.tgz. Extracting by manifest.
1344 silly tarball no local data for y18n@https://registry.npmjs.org/y18n/-/y18n-5.0.8.tgz. Extracting by manifest.
1345 silly tarball no local data for wrap-ansi@https://registry.npmjs.org/wrap-ansi/-/wrap-ansi-7.0.0.tgz. Extracting by manifest.
1346 silly tarball no local data for require-directory@https://registry.npmjs.org/require-directory/-/require-directory-2.1.1.tgz. Extracting by manifest.
1347 silly tarball no local data for @rollup/rollup-win32-x64-msvc@https://registry.npmjs.org/@rollup/rollup-win32-x64-msvc/-/rollup-win32-x64-msvc-4.62.3.tgz. Extracting by manifest.
1348 silly tarball no local data for cliui@https://registry.npmjs.org/cliui/-/cliui-8.0.1.tgz. Extracting by manifest.
1349 silly tarball no local data for nanoid@https://registry.npmjs.org/nanoid/-/nanoid-3.3.16.tgz. Extracting by manifest.
1350 silly tarball no local data for get-caller-file@https://registry.npmjs.org/get-caller-file/-/get-caller-file-2.0.5.tgz. Extracting by manifest.
1351 silly tarball no local data for @rollup/rollup-win32-x64-gnu@https://registry.npmjs.org/@rollup/rollup-win32-x64-gnu/-/rollup-win32-x64-gnu-4.62.3.tgz. Extracting by manifest.
1352 silly tarball no local data for @esbuild/win32-x64@https://registry.npmjs.org/@esbuild/win32-x64/-/win32-x64-0.21.5.tgz. Extracting by manifest.
1353 silly tarball no local data for rollup@https://registry.npmjs.org/rollup/-/rollup-4.62.3.tgz. Extracting by manifest.
1354 silly tarball no local data for source-map-js@https://registry.npmjs.org/source-map-js/-/source-map-js-1.2.1.tgz. Extracting by manifest.
1355 silly tarball no local data for postcss@https://registry.npmjs.org/postcss/-/postcss-8.5.25.tgz. Extracting by manifest.
1356 silly tarball no local data for esbuild@https://registry.npmjs.org/esbuild/-/esbuild-0.21.5.tgz. Extracting by manifest.
1357 silly tarball no local data for dunder-proto@https://registry.npmjs.org/dunder-proto/-/dunder-proto-1.0.1.tgz. Extracting by manifest.
1358 silly tarball no local data for media-typer@https://registry.npmjs.org/media-typer/-/media-typer-0.3.0.tgz. Extracting by manifest.
1359 silly tarball no local data for escalade@https://registry.npmjs.org/escalade/-/escalade-3.2.0.tgz. Extracting by manifest.
1360 silly tarball no local data for math-intrinsics@https://registry.npmjs.org/math-intrinsics/-/math-intrinsics-1.1.0.tgz. Extracting by manifest.
1361 silly tarball no local data for has-flag@https://registry.npmjs.org/has-flag/-/has-flag-4.0.0.tgz. Extracting by manifest.
1362 silly tarball no local data for hasown@https://registry.npmjs.org/hasown/-/hasown-2.0.4.tgz. Extracting by manifest.
1363 silly tarball no local data for gopd@https://registry.npmjs.org/gopd/-/gopd-1.2.0.tgz. Extracting by manifest.
1364 silly tarball no local data for get-proto@https://registry.npmjs.org/get-proto/-/get-proto-1.0.1.tgz. Extracting by manifest.
1365 silly tarball no local data for es-object-atoms@https://registry.npmjs.org/es-object-atoms/-/es-object-atoms-1.1.2.tgz. Extracting by manifest.
1366 silly tarball no local data for has-symbols@https://registry.npmjs.org/has-symbols/-/has-symbols-1.1.0.tgz. Extracting by manifest.
1367 silly tarball no local data for function-bind@https://registry.npmjs.org/function-bind/-/function-bind-1.1.2.tgz. Extracting by manifest.
1368 silly tarball no local data for side-channel-map@https://registry.npmjs.org/side-channel-map/-/side-channel-map-1.0.1.tgz. Extracting by manifest.
1369 silly tarball no local data for get-intrinsic@https://registry.npmjs.org/get-intrinsic/-/get-intrinsic-1.3.0.tgz. Extracting by manifest.
1370 silly tarball no local data for call-bound@https://registry.npmjs.org/call-bound/-/call-bound-1.0.4.tgz. Extracting by manifest.
1371 silly tarball no local data for call-bind-apply-helpers@https://registry.npmjs.org/call-bind-apply-helpers/-/call-bind-apply-helpers-1.0.2.tgz. Extracting by manifest.
1372 silly tarball no local data for object-inspect@https://registry.npmjs.org/object-inspect/-/object-inspect-1.13.4.tgz. Extracting by manifest.
1373 silly tarball no local data for side-channel-weakmap@https://registry.npmjs.org/side-channel-weakmap/-/side-channel-weakmap-1.0.2.tgz. Extracting by manifest.
1374 silly tarball no local data for side-channel-list@https://registry.npmjs.org/side-channel-list/-/side-channel-list-1.0.1.tgz. Extracting by manifest.
1375 silly tarball no local data for es-errors@https://registry.npmjs.org/es-errors/-/es-errors-1.3.0.tgz. Extracting by manifest.
1376 silly tarball no local data for tslib@https://registry.npmjs.org/tslib/-/tslib-2.8.1.tgz. Extracting by manifest.
1377 silly tarball no local data for mime@https://registry.npmjs.org/mime/-/mime-1.6.0.tgz. Extracting by manifest.
1378 silly tarball no local data for scheduler@https://registry.npmjs.org/scheduler/-/scheduler-0.23.2.tgz. Extracting by manifest.
1379 silly tarball no local data for loose-envify@https://registry.npmjs.org/loose-envify/-/loose-envify-1.4.0.tgz. Extracting by manifest.
1380 silly tarball no local data for ipaddr.js@https://registry.npmjs.org/ipaddr.js/-/ipaddr.js-1.9.1.tgz. Extracting by manifest.
1381 silly tarball no local data for side-channel@https://registry.npmjs.org/side-channel/-/side-channel-1.1.1.tgz. Extracting by manifest.
1382 silly tarball no local data for forwarded@https://registry.npmjs.org/forwarded/-/forwarded-0.2.0.tgz. Extracting by manifest.
1383 silly tarball no local data for es-define-property@https://registry.npmjs.org/es-define-property/-/es-define-property-1.0.1.tgz. Extracting by manifest.
1384 silly tarball no local data for ee-first@https://registry.npmjs.org/ee-first/-/ee-first-1.1.1.tgz. Extracting by manifest.
1385 silly tarball no local data for mime-db@https://registry.npmjs.org/mime-db/-/mime-db-1.52.0.tgz. Extracting by manifest.
1386 silly tarball no local data for safer-buffer@https://registry.npmjs.org/safer-buffer/-/safer-buffer-2.1.2.tgz. Extracting by manifest.
1387 silly tarball no local data for yallist@https://registry.npmjs.org/yallist/-/yallist-3.1.1.tgz. Extracting by manifest.
1388 silly tarball no local data for inherits@https://registry.npmjs.org/inherits/-/inherits-2.0.4.tgz. Extracting by manifest.
1389 silly tarball no local data for raw-body@https://registry.npmjs.org/raw-body/-/raw-body-2.5.3.tgz. Extracting by manifest.
1390 silly tarball no local data for toidentifier@https://registry.npmjs.org/toidentifier/-/toidentifier-1.0.1.tgz. Extracting by manifest.
1391 silly tarball no local data for unpipe@https://registry.npmjs.org/unpipe/-/unpipe-1.0.0.tgz. Extracting by manifest.
1392 silly tarball no local data for iconv-lite@https://registry.npmjs.org/iconv-lite/-/iconv-lite-0.4.24.tgz. Extracting by manifest.
1393 silly tarball no local data for destroy@https://registry.npmjs.org/destroy/-/destroy-1.2.0.tgz. Extracting by manifest.
1394 silly tarball no local data for mime-types@https://registry.npmjs.org/mime-types/-/mime-types-2.1.35.tgz. Extracting by manifest.
1395 silly tarball no local data for negotiator@https://registry.npmjs.org/negotiator/-/negotiator-0.6.3.tgz. Extracting by manifest.
1396 silly tarball no local data for bytes@https://registry.npmjs.org/bytes/-/bytes-3.1.2.tgz. Extracting by manifest.
1397 silly tarball no local data for vary@https://registry.npmjs.org/vary/-/vary-1.1.2.tgz. Extracting by manifest.
1398 silly tarball no local data for type-is@https://registry.npmjs.org/type-is/-/type-is-1.6.18.tgz. Extracting by manifest.
1399 silly tarball no local data for serve-static@https://registry.npmjs.org/serve-static/-/serve-static-1.16.3.tgz. Extracting by manifest.
1400 silly tarball no local data for utils-merge@https://registry.npmjs.org/utils-merge/-/utils-merge-1.0.1.tgz. Extracting by manifest.
1401 silly tarball no local data for statuses@https://registry.npmjs.org/statuses/-/statuses-2.0.2.tgz. Extracting by manifest.
1402 silly tarball no local data for setprototypeof@https://registry.npmjs.org/setprototypeof/-/setprototypeof-1.2.0.tgz. Extracting by manifest.
1403 silly tarball no local data for safe-buffer@https://registry.npmjs.org/safe-buffer/-/safe-buffer-5.2.1.tgz. Extracting by manifest.
1404 silly tarball no local data for send@https://registry.npmjs.org/send/-/send-0.19.2.tgz. Extracting by manifest.
1405 silly tarball no local data for qs@https://registry.npmjs.org/qs/-/qs-6.15.3.tgz. Extracting by manifest.
1406 silly tarball no local data for range-parser@https://registry.npmjs.org/range-parser/-/range-parser-1.2.1.tgz. Extracting by manifest.
1407 silly tarball no local data for proxy-addr@https://registry.npmjs.org/proxy-addr/-/proxy-addr-2.0.7.tgz. Extracting by manifest.
1408 silly tarball no local data for parseurl@https://registry.npmjs.org/parseurl/-/parseurl-1.3.3.tgz. Extracting by manifest.
1409 silly tarball no local data for path-to-regexp@https://registry.npmjs.org/path-to-regexp/-/path-to-regexp-0.1.13.tgz. Extracting by manifest.
1410 silly tarball no local data for methods@https://registry.npmjs.org/methods/-/methods-1.1.2.tgz. Extracting by manifest.
1411 silly tarball no local data for on-finished@https://registry.npmjs.org/on-finished/-/on-finished-2.4.1.tgz. Extracting by manifest.
1412 silly tarball no local data for merge-descriptors@https://registry.npmjs.org/merge-descriptors/-/merge-descriptors-1.0.3.tgz. Extracting by manifest.
1413 silly tarball no local data for fresh@https://registry.npmjs.org/fresh/-/fresh-0.5.2.tgz. Extracting by manifest.
1414 silly tarball no local data for http-errors@https://registry.npmjs.org/http-errors/-/http-errors-2.0.1.tgz. Extracting by manifest.
1415 silly tarball no local data for finalhandler@https://registry.npmjs.org/finalhandler/-/finalhandler-1.3.2.tgz. Extracting by manifest.
1416 silly tarball no local data for etag@https://registry.npmjs.org/etag/-/etag-1.8.1.tgz. Extracting by manifest.
1417 silly tarball no local data for escape-html@https://registry.npmjs.org/escape-html/-/escape-html-1.0.3.tgz. Extracting by manifest.
1418 silly tarball no local data for depd@https://registry.npmjs.org/depd/-/depd-2.0.0.tgz. Extracting by manifest.
1419 silly tarball no local data for encodeurl@https://registry.npmjs.org/encodeurl/-/encodeurl-2.0.0.tgz. Extracting by manifest.
1420 silly tarball no local data for content-type@https://registry.npmjs.org/content-type/-/content-type-1.0.5.tgz. Extracting by manifest.
1421 silly tarball no local data for cookie@https://registry.npmjs.org/cookie/-/cookie-0.7.2.tgz. Extracting by manifest.
1422 silly tarball no local data for cookie-signature@https://registry.npmjs.org/cookie-signature/-/cookie-signature-1.0.7.tgz. Extracting by manifest.
1423 silly tarball no local data for content-disposition@https://registry.npmjs.org/content-disposition/-/content-disposition-0.5.4.tgz. Extracting by manifest.
1424 silly tarball no local data for body-parser@https://registry.npmjs.org/body-parser/-/body-parser-1.20.6.tgz. Extracting by manifest.
1425 silly tarball no local data for array-flatten@https://registry.npmjs.org/array-flatten/-/array-flatten-1.1.1.tgz. Extracting by manifest.
1426 silly tarball no local data for accepts@https://registry.npmjs.org/accepts/-/accepts-1.3.8.tgz. Extracting by manifest.
1427 silly tarball no local data for ms@https://registry.npmjs.org/ms/-/ms-2.1.3.tgz. Extracting by manifest.
1428 silly tarball no local data for color-convert@https://registry.npmjs.org/color-convert/-/color-convert-2.0.1.tgz. Extracting by manifest.
1429 silly tarball no local data for ansi-styles@https://registry.npmjs.org/ansi-styles/-/ansi-styles-4.3.0.tgz. Extracting by manifest.
1430 silly tarball no local data for tree-kill@https://registry.npmjs.org/tree-kill/-/tree-kill-1.2.2.tgz. Extracting by manifest.
1431 silly tarball no local data for color-name@https://registry.npmjs.org/color-name/-/color-name-1.1.4.tgz. Extracting by manifest.
1432 silly tarball no local data for supports-color@https://registry.npmjs.org/supports-color/-/supports-color-8.1.1.tgz. Extracting by manifest.
1433 silly tarball no local data for shell-quote@https://registry.npmjs.org/shell-quote/-/shell-quote-1.9.0.tgz. Extracting by manifest.
1434 silly tarball no local data for yargs@https://registry.npmjs.org/yargs/-/yargs-17.7.2.tgz. Extracting by manifest.
1435 silly tarball no local data for chalk@https://registry.npmjs.org/chalk/-/chalk-4.1.2.tgz. Extracting by manifest.
1436 silly tarball no local data for update-browserslist-db@https://registry.npmjs.org/update-browserslist-db/-/update-browserslist-db-1.2.3.tgz. Extracting by manifest.
1437 silly tarball no local data for @types/babel__traverse@https://registry.npmjs.org/@types/babel__traverse/-/babel__traverse-7.28.0.tgz. Extracting by manifest.
1438 silly tarball no local data for rxjs@https://registry.npmjs.org/rxjs/-/rxjs-7.8.2.tgz. Extracting by manifest.
1439 silly tarball no local data for node-releases@https://registry.npmjs.org/node-releases/-/node-releases-2.0.51.tgz. Extracting by manifest.
1440 silly tarball no local data for @types/babel__template@https://registry.npmjs.org/@types/babel__template/-/babel__template-7.4.4.tgz. Extracting by manifest.
1441 silly tarball no local data for electron-to-chromium@https://registry.npmjs.org/electron-to-chromium/-/electron-to-chromium-1.5.398.tgz. Extracting by manifest.
1442 silly tarball no local data for @types/babel__generator@https://registry.npmjs.org/@types/babel__generator/-/babel__generator-7.27.0.tgz. Extracting by manifest.
1443 silly tarball no local data for caniuse-lite@https://registry.npmjs.org/caniuse-lite/-/caniuse-lite-1.0.30001806.tgz. Extracting by manifest.
1444 silly tarball no local data for baseline-browser-mapping@https://registry.npmjs.org/baseline-browser-mapping/-/baseline-browser-mapping-2.11.7.tgz. Extracting by manifest.
1445 silly tarball no local data for @jridgewell/resolve-uri@https://registry.npmjs.org/@jridgewell/resolve-uri/-/resolve-uri-3.1.2.tgz. Extracting by manifest.
1446 silly tarball no local data for @jridgewell/sourcemap-codec@https://registry.npmjs.org/@jridgewell/sourcemap-codec/-/sourcemap-codec-1.5.5.tgz. Extracting by manifest.
1447 silly tarball no local data for @babel/helper-string-parser@https://registry.npmjs.org/@babel/helper-string-parser/-/helper-string-parser-7.29.7.tgz. Extracting by manifest.
1448 silly tarball no local data for @babel/helper-globals@https://registry.npmjs.org/@babel/helper-globals/-/helper-globals-7.29.7.tgz. Extracting by manifest.
1449 silly tarball no local data for browserslist@https://registry.npmjs.org/browserslist/-/browserslist-4.28.7.tgz. Extracting by manifest.
1450 silly tarball no local data for lru-cache@https://registry.npmjs.org/lru-cache/-/lru-cache-5.1.1.tgz. Extracting by manifest.
1451 silly tarball no local data for @babel/helper-plugin-utils@https://registry.npmjs.org/@babel/helper-plugin-utils/-/helper-plugin-utils-7.29.7.tgz. Extracting by manifest.
1452 silly tarball no local data for @babel/helper-validator-option@https://registry.npmjs.org/@babel/helper-validator-option/-/helper-validator-option-7.29.7.tgz. Extracting by manifest.
1453 silly tarball no local data for @babel/helper-module-imports@https://registry.npmjs.org/@babel/helper-module-imports/-/helper-module-imports-7.29.7.tgz. Extracting by manifest.
1454 silly tarball no local data for jsesc@https://registry.npmjs.org/jsesc/-/jsesc-3.1.0.tgz. Extracting by manifest.
1455 silly tarball no local data for @babel/compat-data@https://registry.npmjs.org/@babel/compat-data/-/compat-data-7.29.7.tgz. Extracting by manifest.
1456 silly tarball no local data for @jridgewell/gen-mapping@https://registry.npmjs.org/@jridgewell/gen-mapping/-/gen-mapping-0.3.13.tgz. Extracting by manifest.
1457 silly tarball no local data for picocolors@https://registry.npmjs.org/picocolors/-/picocolors-1.1.1.tgz. Extracting by manifest.
1458 silly tarball no local data for @jridgewell/trace-mapping@https://registry.npmjs.org/@jridgewell/trace-mapping/-/trace-mapping-0.3.31.tgz. Extracting by manifest.
1459 silly tarball no local data for js-tokens@https://registry.npmjs.org/js-tokens/-/js-tokens-4.0.0.tgz. Extracting by manifest.
1460 silly tarball no local data for @babel/helper-validator-identifier@https://registry.npmjs.org/@babel/helper-validator-identifier/-/helper-validator-identifier-7.29.7.tgz. Extracting by manifest.
1461 silly tarball no local data for semver@https://registry.npmjs.org/semver/-/semver-6.3.1.tgz. Extracting by manifest.
1462 silly tarball no local data for @jridgewell/remapping@https://registry.npmjs.org/@jridgewell/remapping/-/remapping-2.3.5.tgz. Extracting by manifest.
1463 silly tarball no local data for json5@https://registry.npmjs.org/json5/-/json5-2.2.3.tgz. Extracting by manifest.
1464 silly tarball no local data for debug@https://registry.npmjs.org/debug/-/debug-4.4.3.tgz. Extracting by manifest.
1465 silly tarball no local data for convert-source-map@https://registry.npmjs.org/convert-source-map/-/convert-source-map-2.0.0.tgz. Extracting by manifest.
1466 silly tarball no local data for @babel/types@https://registry.npmjs.org/@babel/types/-/types-7.29.7.tgz. Extracting by manifest.
1467 silly tarball no local data for gensync@https://registry.npmjs.org/gensync/-/gensync-1.0.0-beta.2.tgz. Extracting by manifest.
1468 silly tarball no local data for @babel/traverse@https://registry.npmjs.org/@babel/traverse/-/traverse-7.29.7.tgz. Extracting by manifest.
1469 silly tarball no local data for @babel/template@https://registry.npmjs.org/@babel/template/-/template-7.29.7.tgz. Extracting by manifest.
1470 silly tarball no local data for @babel/helpers@https://registry.npmjs.org/@babel/helpers/-/helpers-7.29.7.tgz. Extracting by manifest.
1471 silly tarball no local data for @babel/helper-module-transforms@https://registry.npmjs.org/@babel/helper-module-transforms/-/helper-module-transforms-7.29.7.tgz. Extracting by manifest.
1472 silly tarball no local data for @babel/parser@https://registry.npmjs.org/@babel/parser/-/parser-7.29.7.tgz. Extracting by manifest.
1473 silly tarball no local data for @babel/generator@https://registry.npmjs.org/@babel/generator/-/generator-7.29.7.tgz. Extracting by manifest.
1474 silly tarball no local data for @babel/helper-compilation-targets@https://registry.npmjs.org/@babel/helper-compilation-targets/-/helper-compilation-targets-7.29.7.tgz. Extracting by manifest.
1475 silly tarball no local data for @types/babel__core@https://registry.npmjs.org/@types/babel__core/-/babel__core-7.20.5.tgz. Extracting by manifest.
1476 silly tarball no local data for react-refresh@https://registry.npmjs.org/react-refresh/-/react-refresh-0.17.0.tgz. Extracting by manifest.
1477 silly tarball no local data for @rolldown/pluginutils@https://registry.npmjs.org/@rolldown/pluginutils/-/pluginutils-1.0.0-beta.27.tgz. Extracting by manifest.
1478 silly tarball no local data for @babel/code-frame@https://registry.npmjs.org/@babel/code-frame/-/code-frame-7.29.7.tgz. Extracting by manifest.
1479 silly tarball no local data for react@https://registry.npmjs.org/react/-/react-18.3.1.tgz. Extracting by manifest.
1480 silly tarball no local data for express@https://registry.npmjs.org/express/-/express-4.22.2.tgz. Extracting by manifest.
1481 silly tarball no local data for react-dom@https://registry.npmjs.org/react-dom/-/react-dom-18.3.1.tgz. Extracting by manifest.
1482 silly tarball no local data for @babel/plugin-transform-react-jsx-source@https://registry.npmjs.org/@babel/plugin-transform-react-jsx-source/-/plugin-transform-react-jsx-source-7.29.7.tgz. Extracting by manifest.
1483 silly tarball no local data for @babel/plugin-transform-react-jsx-self@https://registry.npmjs.org/@babel/plugin-transform-react-jsx-self/-/plugin-transform-react-jsx-self-7.29.7.tgz. Extracting by manifest.
1484 silly tarball no local data for dotenv@https://registry.npmjs.org/dotenv/-/dotenv-16.6.1.tgz. Extracting by manifest.
1485 silly tarball no local data for @babel/core@https://registry.npmjs.org/@babel/core/-/core-7.29.7.tgz. Extracting by manifest.
1486 silly tarball no local data for @vitejs/plugin-react@https://registry.npmjs.org/@vitejs/plugin-react/-/plugin-react-4.7.0.tgz. Extracting by manifest.
1487 silly tarball no local data for debug@https://registry.npmjs.org/debug/-/debug-2.6.9.tgz. Extracting by manifest.
1488 silly tarball no local data for concurrently@https://registry.npmjs.org/concurrently/-/concurrently-9.2.4.tgz. Extracting by manifest.
1489 silly tarball no local data for vite@https://registry.npmjs.org/vite/-/vite-5.4.21.tgz. Extracting by manifest.
1490 silly tarball no local data for ms@https://registry.npmjs.org/ms/-/ms-2.0.0.tgz. Extracting by manifest.
1491 silly tarball no local data for ms@https://registry.npmjs.org/ms/-/ms-2.0.0.tgz. Extracting by manifest.
1492 silly tarball no local data for supports-color@https://registry.npmjs.org/supports-color/-/supports-color-7.2.0.tgz. Extracting by manifest.
1493 silly tarball no local data for ms@https://registry.npmjs.org/ms/-/ms-2.0.0.tgz. Extracting by manifest.
1494 silly tarball no local data for debug@https://registry.npmjs.org/debug/-/debug-2.6.9.tgz. Extracting by manifest.
1495 silly tarball no local data for debug@https://registry.npmjs.org/debug/-/debug-2.6.9.tgz. Extracting by manifest.
1496 silly tarball no local data for ms@https://registry.npmjs.org/ms/-/ms-2.0.0.tgz. Extracting by manifest.
1497 silly tarball no local data for debug@https://registry.npmjs.org/debug/-/debug-2.6.9.tgz. Extracting by manifest.
1498 http fetch GET 200 https://registry.npmjs.org/is-fullwidth-code-point/-/is-fullwidth-code-point-3.0.0.tgz 103ms (cache miss)
1499 http fetch GET 200 https://registry.npmjs.org/strip-ansi/-/strip-ansi-6.0.1.tgz 102ms (cache miss)
1500 http fetch GET 200 https://registry.npmjs.org/string-width/-/string-width-4.2.3.tgz 105ms (cache miss)
1501 http fetch POST 200 https://registry.npmjs.org/-/npm/v1/security/advisories/bulk 170ms
1502 silly audit report {
1502 silly audit report   vite: [
1502 silly audit report     {
1502 silly audit report       id: 1120784,
1502 silly audit report       url: 'https://github.com/advisories/GHSA-v6wh-96g9-6wx3',
1502 silly audit report       title: 'launch-editor: NTLMv2 hash disclosure via UNC path handling on Windows',
1502 silly audit report       severity: 'moderate',
1502 silly audit report       vulnerable_versions: '<=6.4.2',
1502 silly audit report       cwe: [Array],
1502 silly audit report       cvss: [Object]
1502 silly audit report     },
1502 silly audit report     {
1502 silly audit report       id: 1116229,
1502 silly audit report       url: 'https://github.com/advisories/GHSA-4w7w-66w2-5vf9',
1502 silly audit report       title: 'Vite Vulnerable to Path Traversal in Optimized Deps `.map` Handling',
1502 silly audit report       severity: 'moderate',
1502 silly audit report       vulnerable_versions: '<=6.4.1',
1502 silly audit report       cwe: [Array],
1502 silly audit report       cvss: [Object]
1502 silly audit report     },
1502 silly audit report     {
1502 silly audit report       id: 1123525,
1502 silly audit report       url: 'https://github.com/advisories/GHSA-fx2h-pf6j-xcff',
1502 silly audit report       title: 'vite: `server.fs.deny` bypass on Windows alternate paths',
1502 silly audit report       severity: 'high',
1502 silly audit report       vulnerable_versions: '<=6.4.2',
1502 silly audit report       cwe: [Array],
1502 silly audit report       cvss: [Object]
1502 silly audit report     }
1502 silly audit report   ],
1502 silly audit report   esbuild: [
1502 silly audit report     {
1502 silly audit report       id: 1102341,
1502 silly audit report       url: 'https://github.com/advisories/GHSA-67mh-4wv8-2f99',
1502 silly audit report       title: 'esbuild enables any website to send any requests to the development server and read the response',
1502 silly audit report       severity: 'moderate',
1502 silly audit report       vulnerable_versions: '<=0.24.2',
1502 silly audit report       cwe: [Array],
1502 silly audit report       cvss: [Object]
1502 silly audit report     }
1502 silly audit report   ]
1502 silly audit report }
1503 silly packumentCache corgi:https://registry.npmjs.org/vite cache-miss
1504 silly packumentCache corgi:https://registry.npmjs.org/esbuild cache-miss
1505 http fetch GET 200 https://registry.npmjs.org/emoji-regex/-/emoji-regex-8.0.0.tgz 109ms (cache miss)
1506 http fetch GET 200 https://registry.npmjs.org/ansi-regex/-/ansi-regex-5.0.1.tgz 108ms (cache miss)
1507 http fetch GET 200 https://registry.npmjs.org/wrap-ansi/-/wrap-ansi-7.0.0.tgz 109ms (cache miss)
1508 http fetch GET 200 https://registry.npmjs.org/require-directory/-/require-directory-2.1.1.tgz 111ms (cache miss)
1509 http fetch GET 200 https://registry.npmjs.org/y18n/-/y18n-5.0.8.tgz 112ms (cache miss)
1510 http fetch GET 200 https://registry.npmjs.org/get-caller-file/-/get-caller-file-2.0.5.tgz 111ms (cache miss)
1511 http fetch GET 200 https://registry.npmjs.org/nanoid/-/nanoid-3.3.16.tgz 111ms (cache miss)
1512 http fetch GET 200 https://registry.npmjs.org/@types/estree/-/estree-1.0.9.tgz 114ms (cache miss)
1513 http fetch GET 200 https://registry.npmjs.org/cliui/-/cliui-8.0.1.tgz 133ms (cache miss)
1514 http fetch GET 200 https://registry.npmjs.org/dunder-proto/-/dunder-proto-1.0.1.tgz 135ms (cache miss)
1515 http fetch GET 200 https://registry.npmjs.org/yargs-parser/-/yargs-parser-21.1.1.tgz 150ms (cache miss)
1516 http fetch GET 200 https://registry.npmjs.org/media-typer/-/media-typer-0.3.0.tgz 148ms (cache miss)
1517 http fetch GET 200 https://registry.npmjs.org/esbuild/-/esbuild-0.21.5.tgz 152ms (cache miss)
1518 http fetch GET 200 https://registry.npmjs.org/math-intrinsics/-/math-intrinsics-1.1.0.tgz 160ms (cache miss)
1519 http fetch GET 200 https://registry.npmjs.org/escalade/-/escalade-3.2.0.tgz 178ms (cache miss)
1520 http fetch GET 200 https://registry.npmjs.org/has-flag/-/has-flag-4.0.0.tgz 180ms (cache miss)
1521 http fetch GET 200 https://registry.npmjs.org/gopd/-/gopd-1.2.0.tgz 180ms (cache miss)
1522 http fetch GET 200 https://registry.npmjs.org/get-proto/-/get-proto-1.0.1.tgz 183ms (cache miss)
1523 http fetch GET 200 https://registry.npmjs.org/hasown/-/hasown-2.0.4.tgz 188ms (cache miss)
1524 http fetch GET 200 https://registry.npmjs.org/has-symbols/-/has-symbols-1.1.0.tgz 195ms (cache miss)
1525 http fetch GET 200 https://registry.npmjs.org/function-bind/-/function-bind-1.1.2.tgz 195ms (cache miss)
1526 http fetch GET 200 https://registry.npmjs.org/es-object-atoms/-/es-object-atoms-1.1.2.tgz 197ms (cache miss)
1527 http fetch GET 200 https://registry.npmjs.org/get-intrinsic/-/get-intrinsic-1.3.0.tgz 198ms (cache miss)
1528 http fetch GET 200 https://registry.npmjs.org/side-channel-map/-/side-channel-map-1.0.1.tgz 199ms (cache miss)
1529 http fetch GET 200 https://registry.npmjs.org/call-bound/-/call-bound-1.0.4.tgz 207ms (cache miss)
1530 http fetch GET 200 https://registry.npmjs.org/call-bind-apply-helpers/-/call-bind-apply-helpers-1.0.2.tgz 232ms (cache miss)
1531 http fetch GET 200 https://registry.npmjs.org/source-map-js/-/source-map-js-1.2.1.tgz 370ms (cache miss)
1532 http fetch GET 200 https://registry.npmjs.org/loose-envify/-/loose-envify-1.4.0.tgz 368ms (cache miss)
1533 http fetch GET 200 https://registry.npmjs.org/es-errors/-/es-errors-1.3.0.tgz 370ms (cache miss)
1534 http fetch GET 200 https://registry.npmjs.org/ipaddr.js/-/ipaddr.js-1.9.1.tgz 383ms (cache miss)
1535 http fetch GET 200 https://registry.npmjs.org/forwarded/-/forwarded-0.2.0.tgz 383ms (cache miss)
1536 http fetch GET 200 https://registry.npmjs.org/side-channel-weakmap/-/side-channel-weakmap-1.0.2.tgz 391ms (cache miss)
1537 http fetch GET 200 https://registry.npmjs.org/es-define-property/-/es-define-property-1.0.1.tgz 424ms (cache miss)
1538 http fetch GET 200 https://registry.npmjs.org/negotiator/-/negotiator-0.6.3.tgz 431ms (cache miss)
1539 http fetch GET 200 https://registry.npmjs.org/bytes/-/bytes-3.1.2.tgz 433ms (cache miss)
1540 http fetch GET 200 https://registry.npmjs.org/statuses/-/statuses-2.0.2.tgz 431ms (cache miss)
1541 http fetch GET 200 https://registry.npmjs.org/ee-first/-/ee-first-1.1.1.tgz 443ms (cache miss)
1542 http fetch GET 200 https://registry.npmjs.org/yallist/-/yallist-3.1.1.tgz 447ms (cache miss)
1543 http fetch GET 200 https://registry.npmjs.org/raw-body/-/raw-body-2.5.3.tgz 446ms (cache miss)
1544 http fetch GET 200 https://registry.npmjs.org/unpipe/-/unpipe-1.0.0.tgz 447ms (cache miss)
1545 http fetch GET 200 https://registry.npmjs.org/type-is/-/type-is-1.6.18.tgz 445ms (cache miss)
1546 http fetch GET 200 https://registry.npmjs.org/toidentifier/-/toidentifier-1.0.1.tgz 447ms (cache miss)
1547 http fetch GET 200 https://registry.npmjs.org/setprototypeof/-/setprototypeof-1.2.0.tgz 445ms (cache miss)
1548 http fetch GET 200 https://registry.npmjs.org/destroy/-/destroy-1.2.0.tgz 449ms (cache miss)
1549 http fetch GET 200 https://registry.npmjs.org/inherits/-/inherits-2.0.4.tgz 454ms (cache miss)
1550 http fetch GET 200 https://registry.npmjs.org/mime-types/-/mime-types-2.1.35.tgz 452ms (cache miss)
1551 http fetch GET 200 https://registry.npmjs.org/vary/-/vary-1.1.2.tgz 451ms (cache miss)
1552 http fetch GET 200 https://registry.npmjs.org/safe-buffer/-/safe-buffer-5.2.1.tgz 450ms (cache miss)
1553 http fetch GET 200 https://registry.npmjs.org/utils-merge/-/utils-merge-1.0.1.tgz 452ms (cache miss)
1554 http fetch GET 200 https://registry.npmjs.org/on-finished/-/on-finished-2.4.1.tgz 454ms (cache miss)
1555 http fetch GET 200 https://registry.npmjs.org/serve-static/-/serve-static-1.16.3.tgz 462ms (cache miss)
1556 http fetch GET 200 https://registry.npmjs.org/range-parser/-/range-parser-1.2.1.tgz 464ms (cache miss)
1557 http fetch GET 200 https://registry.npmjs.org/merge-descriptors/-/merge-descriptors-1.0.3.tgz 464ms (cache miss)
1558 http fetch GET 200 https://registry.npmjs.org/escape-html/-/escape-html-1.0.3.tgz 466ms (cache miss)
1559 http fetch GET 200 https://registry.npmjs.org/proxy-addr/-/proxy-addr-2.0.7.tgz 472ms (cache miss)
1560 http fetch GET 200 https://registry.npmjs.org/methods/-/methods-1.1.2.tgz 471ms (cache miss)
1561 http fetch GET 200 https://registry.npmjs.org/http-errors/-/http-errors-2.0.1.tgz 471ms (cache miss)
1562 http fetch GET 200 https://registry.npmjs.org/path-to-regexp/-/path-to-regexp-0.1.13.tgz 473ms (cache miss)
1563 http fetch GET 200 https://registry.npmjs.org/etag/-/etag-1.8.1.tgz 473ms (cache miss)
1564 http fetch GET 200 https://registry.npmjs.org/fresh/-/fresh-0.5.2.tgz 480ms (cache miss)
1565 http fetch GET 200 https://registry.npmjs.org/finalhandler/-/finalhandler-1.3.2.tgz 479ms (cache miss)
1566 http fetch GET 200 https://registry.npmjs.org/parseurl/-/parseurl-1.3.3.tgz 482ms (cache miss)
1567 http fetch GET 200 https://registry.npmjs.org/send/-/send-0.19.2.tgz 492ms (cache miss)
1568 http fetch GET 200 https://registry.npmjs.org/safer-buffer/-/safer-buffer-2.1.2.tgz 498ms (cache miss)
1569 http fetch GET 200 https://registry.npmjs.org/cookie-signature/-/cookie-signature-1.0.7.tgz 495ms (cache miss)
1570 http fetch GET 200 https://registry.npmjs.org/cookie/-/cookie-0.7.2.tgz 496ms (cache miss)
1571 http fetch GET 200 https://registry.npmjs.org/encodeurl/-/encodeurl-2.0.0.tgz 498ms (cache miss)
1572 http fetch GET 200 https://registry.npmjs.org/content-type/-/content-type-1.0.5.tgz 502ms (cache miss)
1573 http fetch GET 200 https://registry.npmjs.org/depd/-/depd-2.0.0.tgz 504ms (cache miss)
1574 http fetch GET 200 https://registry.npmjs.org/color-name/-/color-name-1.1.4.tgz 506ms (cache miss)
1575 http fetch GET 200 https://registry.npmjs.org/content-disposition/-/content-disposition-0.5.4.tgz 509ms (cache miss)
1576 http fetch GET 200 https://registry.npmjs.org/array-flatten/-/array-flatten-1.1.1.tgz 509ms (cache miss)
1577 http fetch GET 200 https://registry.npmjs.org/ms/-/ms-2.1.3.tgz 509ms (cache miss)
1578 http fetch GET 200 https://registry.npmjs.org/mime/-/mime-1.6.0.tgz 521ms (cache miss)
1579 http fetch GET 200 https://registry.npmjs.org/mime-db/-/mime-db-1.52.0.tgz 521ms (cache miss)
1580 http fetch GET 200 https://registry.npmjs.org/accepts/-/accepts-1.3.8.tgz 513ms (cache miss)
1581 http fetch GET 200 https://registry.npmjs.org/ansi-styles/-/ansi-styles-4.3.0.tgz 512ms (cache miss)
1582 http fetch GET 200 https://registry.npmjs.org/tree-kill/-/tree-kill-1.2.2.tgz 513ms (cache miss)
1583 http fetch GET 200 https://registry.npmjs.org/supports-color/-/supports-color-8.1.1.tgz 514ms (cache miss)
1584 http fetch GET 200 https://registry.npmjs.org/side-channel/-/side-channel-1.1.1.tgz 535ms (cache miss)
1585 http fetch GET 200 https://registry.npmjs.org/shell-quote/-/shell-quote-1.9.0.tgz 524ms (cache miss)
1586 http fetch GET 200 https://registry.npmjs.org/side-channel-list/-/side-channel-list-1.0.1.tgz 547ms (cache miss)
1587 http fetch GET 200 https://registry.npmjs.org/node-releases/-/node-releases-2.0.51.tgz 533ms (cache miss)
1588 http fetch GET 200 https://registry.npmjs.org/@types/babel__template/-/babel__template-7.4.4.tgz 533ms (cache miss)
1589 http fetch GET 200 https://registry.npmjs.org/color-convert/-/color-convert-2.0.1.tgz 543ms (cache miss)
1590 http fetch GET 200 https://registry.npmjs.org/update-browserslist-db/-/update-browserslist-db-1.2.3.tgz 541ms (cache miss)
1591 http fetch GET 200 https://registry.npmjs.org/@types/babel__traverse/-/babel__traverse-7.28.0.tgz 547ms (cache miss)
1592 http fetch GET 200 https://registry.npmjs.org/@types/babel__generator/-/babel__generator-7.27.0.tgz 547ms (cache miss)
1593 http fetch GET 200 https://registry.npmjs.org/tslib/-/tslib-2.8.1.tgz 577ms (cache miss)
1594 http fetch GET 200 https://registry.npmjs.org/lru-cache/-/lru-cache-5.1.1.tgz 561ms (cache miss)
1595 http fetch GET 200 https://registry.npmjs.org/@babel/helper-globals/-/helper-globals-7.29.7.tgz 564ms (cache miss)
1596 http fetch GET 200 https://registry.npmjs.org/jsesc/-/jsesc-3.1.0.tgz 564ms (cache miss)
1597 http fetch GET 200 https://registry.npmjs.org/picocolors/-/picocolors-1.1.1.tgz 565ms (cache miss)
1598 http fetch GET 200 https://registry.npmjs.org/@babel/helper-string-parser/-/helper-string-parser-7.29.7.tgz 570ms (cache miss)
1599 http fetch GET 200 https://registry.npmjs.org/@rollup/rollup-win32-x64-msvc/-/rollup-win32-x64-msvc-4.62.3.tgz 597ms (cache miss)
1600 http fetch GET 200 https://registry.npmjs.org/@babel/helper-plugin-utils/-/helper-plugin-utils-7.29.7.tgz 574ms (cache miss)
1601 http fetch GET 200 https://registry.npmjs.org/@babel/compat-data/-/compat-data-7.29.7.tgz 575ms (cache miss)
1602 http fetch GET 200 https://registry.npmjs.org/@babel/helper-validator-option/-/helper-validator-option-7.29.7.tgz 576ms (cache miss)
1603 http fetch GET 200 https://registry.npmjs.org/js-tokens/-/js-tokens-4.0.0.tgz 579ms (cache miss)
1604 http fetch GET 200 https://registry.npmjs.org/chalk/-/chalk-4.1.2.tgz 586ms (cache miss)
1605 http fetch GET 200 https://registry.npmjs.org/convert-source-map/-/convert-source-map-2.0.0.tgz 595ms (cache miss)
1606 http fetch GET 200 https://registry.npmjs.org/gensync/-/gensync-1.0.0-beta.2.tgz 603ms (cache miss)
1607 http fetch GET 200 https://registry.npmjs.org/body-parser/-/body-parser-1.20.6.tgz 627ms (cache miss)
1608 http fetch GET 200 https://registry.npmjs.org/semver/-/semver-6.3.1.tgz 625ms (cache miss)
1609 http fetch GET 200 https://registry.npmjs.org/scheduler/-/scheduler-0.23.2.tgz 645ms (cache miss)
1610 http fetch GET 200 https://registry.npmjs.org/browserslist/-/browserslist-4.28.7.tgz 633ms (cache miss)
1611 http fetch GET 200 https://registry.npmjs.org/baseline-browser-mapping/-/baseline-browser-mapping-2.11.7.tgz 642ms (cache miss)
1612 http fetch GET 200 https://registry.npmjs.org/react-refresh/-/react-refresh-0.17.0.tgz 636ms (cache miss)
1613 http fetch GET 200 https://registry.npmjs.org/@types/babel__core/-/babel__core-7.20.5.tgz 637ms (cache miss)
1614 http fetch GET 200 https://registry.npmjs.org/@rollup/rollup-win32-x64-gnu/-/rollup-win32-x64-gnu-4.62.3.tgz 668ms (cache miss)
1615 http fetch GET 200 https://registry.npmjs.org/debug/-/debug-4.4.3.tgz 650ms (cache miss)
1616 http fetch GET 200 https://registry.npmjs.org/electron-to-chromium/-/electron-to-chromium-1.5.398.tgz 657ms (cache miss)
1617 http fetch GET 200 https://registry.npmjs.org/@rolldown/pluginutils/-/pluginutils-1.0.0-beta.27.tgz 668ms (cache miss)
1618 http fetch GET 200 https://registry.npmjs.org/@babel/code-frame/-/code-frame-7.29.7.tgz 673ms (cache miss)
1619 http fetch GET 200 https://registry.npmjs.org/@babel/helper-validator-identifier/-/helper-validator-identifier-7.29.7.tgz 686ms (cache miss)
1620 http fetch GET 200 https://registry.npmjs.org/@babel/helper-module-imports/-/helper-module-imports-7.29.7.tgz 699ms (cache miss)
1621 http fetch GET 200 https://registry.npmjs.org/@babel/plugin-transform-react-jsx-self/-/plugin-transform-react-jsx-self-7.29.7.tgz 691ms (cache miss)
1622 http fetch GET 200 https://registry.npmjs.org/@babel/plugin-transform-react-jsx-source/-/plugin-transform-react-jsx-source-7.29.7.tgz 702ms (cache miss)
1623 http fetch GET 200 https://registry.npmjs.org/ms/-/ms-2.0.0.tgz 703ms (cache miss)
1624 http fetch GET 200 https://registry.npmjs.org/ms/-/ms-2.0.0.tgz 706ms (cache miss)
1625 http fetch GET 200 https://registry.npmjs.org/ms/-/ms-2.0.0.tgz 716ms (cache miss)
1626 http fetch GET 200 https://registry.npmjs.org/supports-color/-/supports-color-7.2.0.tgz 722ms (cache miss)
1627 http fetch GET 200 https://registry.npmjs.org/qs/-/qs-6.15.3.tgz 754ms (cache miss)
1628 http fetch GET 200 https://registry.npmjs.org/@jridgewell/resolve-uri/-/resolve-uri-3.1.2.tgz 749ms (cache miss)
1629 http fetch GET 200 https://registry.npmjs.org/dotenv/-/dotenv-16.6.1.tgz 764ms (cache miss)
1630 http fetch GET 200 https://registry.npmjs.org/ms/-/ms-2.0.0.tgz 763ms (cache miss)
1631 http fetch GET 200 https://registry.npmjs.org/@babel/helper-compilation-targets/-/helper-compilation-targets-7.29.7.tgz 791ms (cache miss)
1632 http fetch GET 200 https://registry.npmjs.org/@babel/template/-/template-7.29.7.tgz 797ms (cache miss)
1633 http fetch GET 200 https://registry.npmjs.org/debug/-/debug-2.6.9.tgz 793ms (cache miss)
1634 http fetch GET 200 https://registry.npmjs.org/object-inspect/-/object-inspect-1.13.4.tgz 825ms (cache miss)
1635 http fetch GET 200 https://registry.npmjs.org/json5/-/json5-2.2.3.tgz 812ms (cache miss)
1636 http fetch GET 200 https://registry.npmjs.org/express/-/express-4.22.2.tgz 815ms (cache miss)
1637 http fetch GET 200 https://registry.npmjs.org/iconv-lite/-/iconv-lite-0.4.24.tgz 840ms (cache miss)
1638 http fetch GET 200 https://registry.npmjs.org/@jridgewell/sourcemap-codec/-/sourcemap-codec-1.5.5.tgz 831ms (cache miss)
1639 http fetch GET 200 https://registry.npmjs.org/react/-/react-18.3.1.tgz 827ms (cache miss)
1640 http fetch GET 200 https://registry.npmjs.org/debug/-/debug-2.6.9.tgz 836ms (cache miss)
1641 http fetch GET 200 https://registry.npmjs.org/debug/-/debug-2.6.9.tgz 842ms (cache miss)
1642 http fetch GET 200 https://registry.npmjs.org/@babel/helper-module-transforms/-/helper-module-transforms-7.29.7.tgz 850ms (cache miss)
1643 http fetch GET 200 https://registry.npmjs.org/debug/-/debug-2.6.9.tgz 843ms (cache miss)
1644 http fetch GET 200 https://registry.npmjs.org/@vitejs/plugin-react/-/plugin-react-4.7.0.tgz 852ms (cache miss)
1645 http fetch GET 200 https://registry.npmjs.org/esbuild 781ms (cache miss)
1646 silly packumentCache corgi:https://registry.npmjs.org/esbuild set size:undefined disposed:false
1647 http fetch GET 200 https://registry.npmjs.org/@babel/parser/-/parser-7.29.7.tgz 885ms (cache miss)
1648 http fetch GET 200 https://registry.npmjs.org/postcss/-/postcss-8.5.25.tgz 921ms (cache miss)
1649 http fetch GET 200 https://registry.npmjs.org/@jridgewell/gen-mapping/-/gen-mapping-0.3.13.tgz 898ms (cache miss)
1650 http fetch GET 200 https://registry.npmjs.org/@jridgewell/remapping/-/remapping-2.3.5.tgz 901ms (cache miss)
1651 http fetch GET 200 https://registry.npmjs.org/rollup/-/rollup-4.62.3.tgz 942ms (cache miss)
1652 http fetch GET 200 https://registry.npmjs.org/vite 859ms (cache miss)
1653 silly packumentCache corgi:https://registry.npmjs.org/vite set size:undefined disposed:false
1654 silly packumentCache corgi:https://registry.npmjs.org/@vitejs%2fplugin-react cache-miss
1655 http fetch GET 200 https://registry.npmjs.org/@jridgewell/trace-mapping/-/trace-mapping-0.3.31.tgz 1000ms (cache miss)
1656 http fetch GET 200 https://registry.npmjs.org/@babel/generator/-/generator-7.29.7.tgz 1025ms (cache miss)
1657 http fetch GET 200 https://registry.npmjs.org/yargs/-/yargs-17.7.2.tgz 1045ms (cache miss)
1658 http fetch GET 200 https://registry.npmjs.org/@vitejs%2fplugin-react 66ms (cache miss)
1659 silly packumentCache corgi:https://registry.npmjs.org/@vitejs%2fplugin-react set size:undefined disposed:false
1660 http fetch GET 200 https://registry.npmjs.org/vite/-/vite-5.4.21.tgz 1120ms (cache miss)
1661 http fetch GET 200 https://registry.npmjs.org/react-dom/-/react-dom-18.3.1.tgz 1138ms (cache miss)
1662 http fetch GET 200 https://registry.npmjs.org/@esbuild/win32-x64/-/win32-x64-0.21.5.tgz 1176ms (cache miss)
1663 http fetch GET 200 https://registry.npmjs.org/@babel/traverse/-/traverse-7.29.7.tgz 1156ms (cache miss)
1664 http fetch GET 200 https://registry.npmjs.org/concurrently/-/concurrently-9.2.4.tgz 1196ms (cache miss)
1665 http fetch GET 200 https://registry.npmjs.org/@babel/core/-/core-7.29.7.tgz 1294ms (cache miss)
1666 http fetch GET 200 https://registry.npmjs.org/@babel/types/-/types-7.29.7.tgz 1388ms (cache miss)
1667 http fetch GET 200 https://registry.npmjs.org/@babel/helpers/-/helpers-7.29.7.tgz 1441ms (cache miss)
1668 http fetch GET 200 https://registry.npmjs.org/caniuse-lite/-/caniuse-lite-1.0.30001806.tgz 2183ms (cache miss)
1669 http fetch GET 200 https://registry.npmjs.org/rxjs/-/rxjs-7.8.2.tgz 4597ms (cache miss)
1670 info run esbuild@0.21.5 postinstall node_modules/esbuild node install.js
1671 info run esbuild@0.21.5 postinstall { code: 0, signal: null }
1672 silly ADD node_modules/ansi-regex
1673 silly ADD node_modules/is-fullwidth-code-point
1674 silly ADD node_modules/emoji-regex
1675 silly ADD node_modules/wrap-ansi
1676 silly ADD node_modules/strip-ansi
1677 silly ADD node_modules/yargs-parser
1678 silly ADD node_modules/y18n
1679 silly ADD node_modules/string-width
1680 silly ADD node_modules/require-directory
1681 silly ADD node_modules/get-caller-file
1682 silly ADD node_modules/cliui
1683 silly ADD node_modules/@types/estree
1684 silly ADD node_modules/@rollup/rollup-win32-x64-msvc
1685 silly ADD node_modules/@rollup/rollup-win32-x64-gnu
1686 silly ADD node_modules/source-map-js
1687 silly ADD node_modules/nanoid
1688 silly ADD node_modules/@esbuild/win32-x64
1689 silly ADD node_modules/rollup
1690 silly ADD node_modules/postcss
1691 silly ADD node_modules/esbuild
1692 silly ADD node_modules/escalade
1693 silly ADD node_modules/media-typer
1694 silly ADD node_modules/has-flag
1695 silly ADD node_modules/dunder-proto
1696 silly ADD node_modules/math-intrinsics
1697 silly ADD node_modules/hasown
1698 silly ADD node_modules/has-symbols
1699 silly ADD node_modules/gopd
1700 silly ADD node_modules/get-proto
1701 silly ADD node_modules/es-object-atoms
1702 silly ADD node_modules/function-bind
1703 silly ADD node_modules/call-bind-apply-helpers
1704 silly ADD node_modules/get-intrinsic
1705 silly ADD node_modules/call-bound
1706 silly ADD node_modules/side-channel-weakmap
1707 silly ADD node_modules/side-channel-map
1708 silly ADD node_modules/side-channel-list
1709 silly ADD node_modules/object-inspect
1710 silly ADD node_modules/es-errors
1711 silly ADD node_modules/mime
1712 silly ADD node_modules/tslib
1713 silly ADD node_modules/scheduler
1714 silly ADD node_modules/loose-envify
1715 silly ADD node_modules/side-channel
1716 silly ADD node_modules/es-define-property
1717 silly ADD node_modules/ipaddr.js
1718 silly ADD node_modules/forwarded
1719 silly ADD node_modules/ee-first
1720 silly ADD node_modules/mime-db
1721 silly ADD node_modules/yallist
1722 silly ADD node_modules/safer-buffer
1723 silly ADD node_modules/toidentifier
1724 silly ADD node_modules/inherits
1725 silly ADD node_modules/unpipe
1726 silly ADD node_modules/raw-body
1727 silly ADD node_modules/iconv-lite
1728 silly ADD node_modules/destroy
1729 silly ADD node_modules/bytes
1730 silly ADD node_modules/negotiator
1731 silly ADD node_modules/mime-types
1732 silly ADD node_modules/vary
1733 silly ADD node_modules/utils-merge
1734 silly ADD node_modules/type-is
1735 silly ADD node_modules/statuses
1736 silly ADD node_modules/setprototypeof
1737 silly ADD node_modules/serve-static
1738 silly ADD node_modules/send
1739 silly ADD node_modules/send/node_modules/debug
1740 silly ADD node_modules/send/node_modules/debug/node_modules/ms
1741 silly ADD node_modules/safe-buffer
1742 silly ADD node_modules/range-parser
1743 silly ADD node_modules/qs
1744 silly ADD node_modules/proxy-addr
1745 silly ADD node_modules/path-to-regexp
1746 silly ADD node_modules/parseurl
1747 silly ADD node_modules/on-finished
1748 silly ADD node_modules/methods
1749 silly ADD node_modules/merge-descriptors
1750 silly ADD node_modules/http-errors
1751 silly ADD node_modules/fresh
1752 silly ADD node_modules/finalhandler
1753 silly ADD node_modules/finalhandler/node_modules/ms
1754 silly ADD node_modules/finalhandler/node_modules/debug
1755 silly ADD node_modules/etag
1756 silly ADD node_modules/escape-html
1757 silly ADD node_modules/encodeurl
1758 silly ADD node_modules/depd
1759 silly ADD node_modules/cookie-signature
1760 silly ADD node_modules/cookie
1761 silly ADD node_modules/content-type
1762 silly ADD node_modules/content-disposition
1763 silly ADD node_modules/body-parser
1764 silly ADD node_modules/body-parser/node_modules/ms
1765 silly ADD node_modules/body-parser/node_modules/debug
1766 silly ADD node_modules/array-flatten
1767 silly ADD node_modules/accepts
1768 silly ADD node_modules/ms
1769 silly ADD node_modules/color-name
1770 silly ADD node_modules/color-convert
1771 silly ADD node_modules/ansi-styles
1772 silly ADD node_modules/yargs
1773 silly ADD node_modules/tree-kill
1774 silly ADD node_modules/supports-color
1775 silly ADD node_modules/shell-quote
1776 silly ADD node_modules/rxjs
1777 silly ADD node_modules/chalk
1778 silly ADD node_modules/chalk/node_modules/supports-color
1779 silly ADD node_modules/update-browserslist-db
1780 silly ADD node_modules/node-releases
1781 silly ADD node_modules/electron-to-chromium
1782 silly ADD node_modules/caniuse-lite
1783 silly ADD node_modules/baseline-browser-mapping
1784 silly ADD node_modules/@types/babel__traverse
1785 silly ADD node_modules/@types/babel__template
1786 silly ADD node_modules/@types/babel__generator
1787 silly ADD node_modules/@jridgewell/resolve-uri
1788 silly ADD node_modules/@jridgewell/sourcemap-codec
1789 silly ADD node_modules/@babel/helper-string-parser
1790 silly ADD node_modules/@babel/helper-globals
1791 silly ADD node_modules/@babel/helper-plugin-utils
1792 silly ADD node_modules/@babel/helper-module-imports
1793 silly ADD node_modules/lru-cache
1794 silly ADD node_modules/browserslist
1795 silly ADD node_modules/@babel/helper-validator-option
1796 silly ADD node_modules/@babel/compat-data
1797 silly ADD node_modules/jsesc
1798 silly ADD node_modules/@jridgewell/trace-mapping
1799 silly ADD node_modules/@jridgewell/gen-mapping
1800 silly ADD node_modules/picocolors
1801 silly ADD node_modules/js-tokens
1802 silly ADD node_modules/@babel/helper-validator-identifier
1803 silly ADD node_modules/semver
1804 silly ADD node_modules/json5
1805 silly ADD node_modules/gensync
1806 silly ADD node_modules/debug
1807 silly ADD node_modules/convert-source-map
1808 silly ADD node_modules/@jridgewell/remapping
1809 silly ADD node_modules/@babel/types
1810 silly ADD node_modules/@babel/traverse
1811 silly ADD node_modules/@babel/template
1812 silly ADD node_modules/@babel/parser
1813 silly ADD node_modules/@babel/helpers
1814 silly ADD node_modules/@babel/helper-module-transforms
1815 silly ADD node_modules/@babel/helper-compilation-targets
1816 silly ADD node_modules/@babel/generator
1817 silly ADD node_modules/@babel/code-frame
1818 silly ADD node_modules/react-refresh
1819 silly ADD node_modules/@types/babel__core
1820 silly ADD node_modules/@rolldown/pluginutils
1821 silly ADD node_modules/@babel/plugin-transform-react-jsx-source
1822 silly ADD node_modules/@babel/plugin-transform-react-jsx-self
1823 silly ADD node_modules/@babel/core
1824 silly ADD node_modules/react-dom
1825 silly ADD node_modules/react
1826 silly ADD node_modules/express
1827 silly ADD node_modules/express/node_modules/ms
1828 silly ADD node_modules/express/node_modules/debug
1829 silly ADD node_modules/dotenv
1830 silly ADD node_modules/concurrently
1831 silly ADD node_modules/vite
1832 silly ADD node_modules/@vitejs/plugin-react
1833 warn allow-scripts 1 package has install scripts not yet covered by allowScripts:
1833 warn allow-scripts   esbuild@0.21.5 (postinstall: node install.js)
1833 warn allow-scripts
1833 warn allow-scripts Run `npm approve-scripts --allow-scripts-pending` to review, or `npm approve-scripts <pkg>` to allow.
1834 verbose cwd C:\Users\Abbyneko\Documents\Github\readable-2
1835 verbose os Windows_NT 10.0.26200
1836 verbose node v24.18.1
1837 verbose npm  v11.16.0
1838 notice
1838 notice New major version of npm available! 11.16.0 -> 12.0.2
1838 notice Changelog: https://github.com/npm/cli/releases/tag/v12.0.2
1838 notice To update run: npm install -g npm@12.0.2
1838 notice  { force: true, Symbol(proc-log.meta): true }
1839 verbose exit 0
1840 info ok
